reference;name;price;sku;size;color;stock
I024898/0102;Carhartt Pantalon;100.00;I024898-0102-29;29;Uni;2
I024898/0102;Carhartt Pantalon;100.00;I024898-0102-30;30;Uni;2
I024898/0102;Carhartt Pantalon;100.00;I024898-0102-31;31;Uni;2
I024898/0102;Carhartt Pantalon;100.00;I024898-0102-32;32;Uni;2
I024898/0102;Carhartt Pantalon;100.00;I024898-0102-33;33;Uni;2
I024898/0102;Carhartt Pantalon;100.00;I024898-0102-34;34;Uni;2
I024898/0102;Carhartt Pantalon;100.00;I024898-0102-36;36;Uni;2
I026391/3LR;Carhartt Tee shirt;100.00;I026391-3LR-L;L;Uni;2
I026391/3LR;Carhartt Tee shirt;100.00;I026391-3LR-M;M;Uni;2
I026391/3LR;Carhartt Tee shirt;100.00;I026391-3LR-S;S;Uni;2
I026391/3LR;Carhartt Tee shirt;100.00;I026391-3LR-XL;XL;Uni;2
I026391/3LR;Carhartt Tee shirt;100.00;I026391-3LR-XS;XS;Uni;2
I029208/0112;Carhartt Pantalon;100.00;I029208-0112-28;28;Uni;2
I029208/0112;Carhartt Pantalon;100.00;I029208-0112-29;29;Uni;2
I029208/0112;Carhartt Pantalon;100.00;I029208-0112-30;30;Uni;2
I029208/0112;Carhartt Pantalon;100.00;I029208-0112-31;31;Uni;2
I029208/0112;Carhartt Pantalon;100.00;I029208-0112-32;32;Uni;2
I029208/0112;Carhartt Pantalon;100.00;I029208-0112-33;33;Uni;2
I029208/0112;Carhartt Pantalon;100.00;I029208-0112-34;34;Uni;2
I029208/0112;Carhartt Pantalon;100.00;I029208-0112-36;36;Uni;2
I029919/11;Carhartt Pantalon;100.00;I029919-11-L;L;Uni;2
I029919/11;Carhartt Pantalon;100.00;I029919-11-M;M;Uni;2
I029919/11;Carhartt Pantalon;100.00;I029919-11-S;S;Uni;2
I029919/11;Carhartt Pantalon;100.00;I029919-11-XL;XL;Uni;2
I029919/11;Carhartt Pantalon;100.00;I029919-11-XS;XS;Uni;2
I029919/3IT;Carhartt Pantalon;100.00;I029919-3IT-L;L;Uni;2
I029919/3IT;Carhartt Pantalon;100.00;I029919-3IT-M;M;Uni;2
I029919/3IT;Carhartt Pantalon;100.00;I029919-3IT-S;S;Uni;2
I029919/3IT;Carhartt Pantalon;100.00;I029919-3IT-XL;XL;Uni;2
I029919/3IT;Carhartt Pantalon;100.00;I029919-3IT-XS;XS;Uni;2
I029949/3HX;Carhartt Tee shirt;100.00;I029949-3HX-L;L;Uni;2
I029949/3HX;Carhartt Tee shirt;100.00;I029949-3HX-M;M;Uni;2
I029949/3HX;Carhartt Tee shirt;100.00;I029949-3HX-S;S;Uni;2
I029949/3HX;Carhartt Tee shirt;100.00;I029949-3HX-XL;XL;Uni;2
I029949/3HX;Carhartt Tee shirt;100.00;I029949-3HX-XS;XS;Uni;2
I029949/3IE;Carhartt Tee shirt;100.00;I029949-3IE-L;L;Uni;2
I029949/3IE;Carhartt Tee shirt;100.00;I029949-3IE-M;M;Uni;2
I029949/3IE;Carhartt Tee shirt;100.00;I029949-3IE-S;S;Uni;2
I029949/3IE;Carhartt Tee shirt;100.00;I029949-3IE-XL;XL;Uni;2
I029949/3IE;Carhartt Tee shirt;100.00;I029949-3IE-XS;XS;Uni;2
I029963/3HX;CARHARTT sweat;100.00;I029963-3HX-L;L;Uni;2
I029963/3HX;CARHARTT sweat;100.00;I029963-3HX-M;M;Uni;2
I029963/3HX;CARHARTT sweat;100.00;I029963-3HX-S;S;Uni;2
I029963/89;CARHARTT sweat;100.00;I029963-89-L;L;Uni;2
I029963/89;CARHARTT sweat;100.00;I029963-89-M;M;Uni;2
I029963/89;CARHARTT sweat;100.00;I029963-89-S;S;Uni;2
I030130/3HX;CARHARTT bermuda molleton;100.00;I030130-3HX-L;L;Uni;2
I030130/3HX;CARHARTT bermuda molleton;100.00;I030130-3HX-M;M;Uni;2
I030130/3HX;CARHARTT bermuda molleton;100.00;I030130-3HX-S;S;Uni;2
I030130/3IE;CARHARTT bermuda molleton;100.00;I030130-3IE-L;L;Uni;2
I030130/3IE;CARHARTT bermuda molleton;100.00;I030130-3IE-M;M;Uni;2
I030130/3IE;CARHARTT bermuda molleton;100.00;I030130-3IE-S;S;Uni;2
I030130/89;CARHARTT bermuda molleton;100.00;I030130-89-L;L;Uni;2
I030130/89;CARHARTT bermuda molleton;100.00;I030130-89-M;M;Uni;2
I030130/89;CARHARTT bermuda molleton;100.00;I030130-89-S;S;Uni;2
I030434/3IR;Carhartt Tee shirt;100.00;I030434-3IR-L;L;Uni;2
I030434/3IR;Carhartt Tee shirt;100.00;I030434-3IR-M;M;Uni;2
I030434/3IR;Carhartt Tee shirt;100.00;I030434-3IR-S;S;Uni;2
I030434/3IR;Carhartt Tee shirt;100.00;I030434-3IR-XL;XL;Uni;2
I030469/0160;CARHARTT bermuda;100.00;I030469-0160-28;28;Uni;2
I030469/0160;CARHARTT bermuda;100.00;I030469-0160-29;29;Uni;2
I030469/0160;CARHARTT bermuda;100.00;I030469-0160-30;30;Uni;2
I030469/0160;CARHARTT bermuda;100.00;I030469-0160-31;31;Uni;2
I030469/0160;CARHARTT bermuda;100.00;I030469-0160-32;32;Uni;2
I030469/0160;CARHARTT bermuda;100.00;I030469-0160-33;33;Uni;2
I031373/00A;Carhartt Tee shirt;100.00;I031373-00A-M;M;Uni;2
I031373/00A;Carhartt Tee shirt;100.00;I031373-00A-S;S;Uni;2
I031373/3HL;Carhartt Tee shirt;100.00;I031373-3HL-L;L;Uni;2
I031373/3HL;Carhartt Tee shirt;100.00;I031373-3HL-M;M;Uni;2
I031373/3HL;Carhartt Tee shirt;100.00;I031373-3HL-S;S;Uni;2
I031456/1C;Carhartt Pantalon;100.00;I031456-1C-29;29;Uni;2
I031456/1C;Carhartt Pantalon;100.00;I031456-1C-30;30;Uni;2
I031456/1C;Carhartt Pantalon;100.00;I031456-1C-31;31;Uni;2
I031456/1C;Carhartt Pantalon;100.00;I031456-1C-32;32;Uni;2
I031456/1C;Carhartt Pantalon;100.00;I031456-1C-33;33;Uni;2
I031456/1C;Carhartt Pantalon;100.00;I031456-1C-34;34;Uni;2
I033064/3IE;CARHARTT sweat;100.00;I033064-3IE-L;L;Uni;2
I033064/3IE;CARHARTT sweat;100.00;I033064-3IE-M;M;Uni;2
I033064/3IE;CARHARTT sweat;100.00;I033064-3IE-S;S;Uni;2
I033333/89;CARHARTT bermuda;100.00;I033333-89-30;30;Uni;2
I033333/89;CARHARTT bermuda;100.00;I033333-89-31;31;Uni;2
I033333/89;CARHARTT bermuda;100.00;I033333-89-32;32;Uni;2
I034570/3N7;CARHARTT bermuda;100.00;I034570-3N7-L;L;Uni;2
I034570/3N7;CARHARTT bermuda;100.00;I034570-3N7-M;M;Uni;2
I034570/3N7;CARHARTT bermuda;100.00;I034570-3N7-S;S;Uni;2
I034570/3N7;CARHARTT bermuda;100.00;I034570-3N7-XL;XL;Uni;2
I034570/3N7;CARHARTT bermuda;100.00;I034570-3N7-XS;XS;Uni;2
I034570/3N8;CARHARTT bermuda;100.00;I034570-3N8-L;L;Uni;2
I034570/3N8;CARHARTT bermuda;100.00;I034570-3N8-M;M;Uni;2
I034570/3N8;CARHARTT bermuda;100.00;I034570-3N8-S;S;Uni;2
I034570/3N8;CARHARTT bermuda;100.00;I034570-3N8-XL;XL;Uni;2
I034570/3N8;CARHARTT bermuda;100.00;I034570-3N8-XS;XS;Uni;2
I034570/3NP;CARHARTT bermuda;100.00;I034570-3NP-L;L;Uni;2
I034570/3NP;CARHARTT bermuda;100.00;I034570-3NP-M;M;Uni;2
I034570/3NP;CARHARTT bermuda;100.00;I034570-3NP-S;S;Uni;2
I034570/3NP;CARHARTT bermuda;100.00;I034570-3NP-XL;XL;Uni;2
I034570/3NP;CARHARTT bermuda;100.00;I034570-3NP-XS;XS;Uni;2
I034576;CARHARTT autre;100.00;I034576-UN;UN;Uni;2
I034577/46;CARHARTT autre;100.00;I034577-46-UN;UN;Uni;2
I034578/27;CARHARTT autre;100.00;I034578-27-UN;UN;Uni;2
I034816/3IM;Carhartt Pantalon;100.00;I034816-3IM-L;L;Uni;2
I034816/3IM;Carhartt Pantalon;100.00;I034816-3IM-M;M;Uni;2
I034816/3IM;Carhartt Pantalon;100.00;I034816-3IM-XL;XL;Uni;2
I034816/3IM;Carhartt Pantalon;100.00;I034816-3IM-XS;XS;Uni;2
I034816/87GD;Carhartt Pantalon;100.00;I034816-87GD-L;L;Uni;2
I034816/87GD;Carhartt Pantalon;100.00;I034816-87GD-M;M;Uni;2
I034816/87GD;Carhartt Pantalon;100.00;I034816-87GD-S;S;Uni;2
I034816/87GD;Carhartt Pantalon;100.00;I034816-87GD-XL;XL;Uni;2
I034816/87GD;Carhartt Pantalon;100.00;I034816-87GD-XS;XS;Uni;2
I034877/11;CARHARTT bermuda;100.00;I034877-11-L;L;Uni;2
I034877/11;CARHARTT bermuda;100.00;I034877-11-M;M;Uni;2
I034877/11;CARHARTT bermuda;100.00;I034877-11-S;S;Uni;2
I034877/3IT;CARHARTT bermuda;100.00;I034877-3IT-L;L;Uni;2
I034877/3IT;CARHARTT bermuda;100.00;I034877-3IT-M;M;Uni;2
I034877/3IT;CARHARTT bermuda;100.00;I034877-3IT-S;S;Uni;2
I035062/00F;CARHARTT Bermuda;100.00;I035062-00F-L;L;Uni;2
I035062/00F;CARHARTT Bermuda;100.00;I035062-00F-M;M;Uni;2
I035062/00F;CARHARTT Bermuda;100.00;I035062-00F-S;S;Uni;2
I035062/00F;CARHARTT Bermuda;100.00;I035062-00F-XS;XS;Uni;2
I035062/3H4;CARHARTT Bermuda;100.00;I035062-3H4-L;L;Uni;2
I035062/3H4;CARHARTT Bermuda;100.00;I035062-3H4-M;M;Uni;2
I035062/3H4;CARHARTT Bermuda;100.00;I035062-3H4-S;S;Uni;2
I035062/3H4;CARHARTT Bermuda;100.00;I035062-3H4-XL;XL;Uni;2
I035062/3RK;CARHARTT Bermuda;100.00;I035062-3RK-L;L;Uni;2
I035062/3RK;CARHARTT Bermuda;100.00;I035062-3RK-M;M;Uni;2
I035062/3RK;CARHARTT Bermuda;100.00;I035062-3RK-S;S;Uni;2
I035437/3IJ;CARHARTT sweat;100.00;I035437-3IJ-M;M;Uni;2
I035437/3IJ;CARHARTT sweat;100.00;I035437-3IJ-S;S;Uni;2
I035437/3IW;CARHARTT sweat;100.00;I035437-3IW-M;M;Uni;2
I035437/3IW;CARHARTT sweat;100.00;I035437-3IW-S;S;Uni;2
I035590/3IW;Carhartt Tee shirt;100.00;I035590-3IW-L;L;Uni;2
I035590/3IW;Carhartt Tee shirt;100.00;I035590-3IW-M;M;Uni;2
I035590/3IW;Carhartt Tee shirt;100.00;I035590-3IW-S;S;Uni;2
I035943/HZ;CARHARTT autre;100.00;I035943-HZ-UN;UN;Uni;2
I036137/89;Carhartt Pantalon;100.00;I036137-89-M;M;Uni;2
I036137/89;Carhartt Pantalon;100.00;I036137-89-S;S;Uni;2
I036138/3IR;CARHARTT Bermuda;100.00;I036138-3IR-L;L;Uni;2
I036138/3IR;CARHARTT Bermuda;100.00;I036138-3IR-M;M;Uni;2
I036138/3IR;CARHARTT Bermuda;100.00;I036138-3IR-S;S;Uni;2
I036141/11;CARHARTT Bermuda;100.00;I036141-11-L;L;Uni;2
I036141/11;CARHARTT Bermuda;100.00;I036141-11-M;M;Uni;2
I036141/11;CARHARTT Bermuda;100.00;I036141-11-S;S;Uni;2
I036141/11;CARHARTT Bermuda;100.00;I036141-11-XS;XS;Uni;2
I036141/89;CARHARTT Bermuda;100.00;I036141-89-L;L;Uni;2
I036141/89;CARHARTT Bermuda;100.00;I036141-89-M;M;Uni;2
I036141/89;CARHARTT Bermuda;100.00;I036141-89-S;S;Uni;2
I036141/89;CARHARTT Bermuda;100.00;I036141-89-XS;XS;Uni;2
I036185/05;Carhartt Tee shirt;100.00;I036185-05-L;L;Uni;2
I036185/05;Carhartt Tee shirt;100.00;I036185-05-M;M;Uni;2
I036185/05;Carhartt Tee shirt;100.00;I036185-05-S;S;Uni;2
I036185/05;Carhartt Tee shirt;100.00;I036185-05-XL;XL;Uni;2
I036185/05;Carhartt Tee shirt;100.00;I036185-05-XS;XS;Uni;2
I036185/3HX;Carhartt Tee shirt;100.00;I036185-3HX-L;L;Uni;2
I036185/3HX;Carhartt Tee shirt;100.00;I036185-3HX-M;M;Uni;2
I036185/3HX;Carhartt Tee shirt;100.00;I036185-3HX-S;S;Uni;2
I036185/3HX;Carhartt Tee shirt;100.00;I036185-3HX-XL;XL;Uni;2
I036185/3HX;Carhartt Tee shirt;100.00;I036185-3HX-XS;XS;Uni;2
I036194/3JQ;CARHARTT Chemise;100.00;I036194-3JQ-L;L;Uni;2
I036194/3JQ;CARHARTT Chemise;100.00;I036194-3JQ-M;M;Uni;2
I036194/3JQ;CARHARTT Chemise;100.00;I036194-3JQ-S;S;Uni;2
I036196/3JQ;CARHARTT Bermuda;100.00;I036196-3JQ-L;L;Uni;2
I036196/3JQ;CARHARTT Bermuda;100.00;I036196-3JQ-M;M;Uni;2
I036196/3JQ;CARHARTT Bermuda;100.00;I036196-3JQ-S;S;Uni;2
I036203/3K5;CARHARTT Chemise;100.00;I036203-3K5-L;L;Uni;2
I036203/3K5;CARHARTT Chemise;100.00;I036203-3K5-M;M;Uni;2
I036203/3K5;CARHARTT Chemise;100.00;I036203-3K5-S;S;Uni;2
I036206/3GD;CARHARTT Chemise;100.00;I036206-3GD-L;L;Uni;2
I036206/3GD;CARHARTT Chemise;100.00;I036206-3GD-M;M;Uni;2
I036206/3GD;CARHARTT Chemise;100.00;I036206-3GD-S;S;Uni;2
I036212/02;Carhartt Tee shirt;100.00;I036212-02-L;L;Uni;2
I036212/02;Carhartt Tee shirt;100.00;I036212-02-M;M;Uni;2
I036212/02;Carhartt Tee shirt;100.00;I036212-02-S;S;Uni;2
I036220/0106;Carhartt Tee shirt;100.00;I036220-0106-L;L;Uni;2
I036220/0106;Carhartt Tee shirt;100.00;I036220-0106-M;M;Uni;2
I036220/0106;Carhartt Tee shirt;100.00;I036220-0106-S;S;Uni;2
I036220/02;Carhartt Tee shirt;100.00;I036220-02-L;L;Uni;2
I036220/02;Carhartt Tee shirt;100.00;I036220-02-M;M;Uni;2
I036220/02;Carhartt Tee shirt;100.00;I036220-02-S;S;Uni;2
I036233/02;Carhartt Tee shirt;100.00;I036233-02-L;L;Uni;2
I036233/02;Carhartt Tee shirt;100.00;I036233-02-M;M;Uni;2
I036233/02;Carhartt Tee shirt;100.00;I036233-02-S;S;Uni;2
I036238/02;Carhartt Tee shirt;100.00;I036238-02-L;L;Uni;2
I036238/02;Carhartt Tee shirt;100.00;I036238-02-M;M;Uni;2
I036238/02;Carhartt Tee shirt;100.00;I036238-02-S;S;Uni;2
I036238/02;Carhartt Tee shirt;100.00;I036238-02-XL;XL;Uni;2
I036238/89;Carhartt Tee shirt;100.00;I036238-89-L;L;Uni;2
I036238/89;Carhartt Tee shirt;100.00;I036238-89-M;M;Uni;2
I036238/89;Carhartt Tee shirt;100.00;I036238-89-S;S;Uni;2
I036238/89;Carhartt Tee shirt;100.00;I036238-89-XL;XL;Uni;2
I036238/89;Carhartt Tee shirt;100.00;I036238-89-XS;XS;Uni;2
I036245/02;Carhartt Tee shirt;100.00;I036245-02-L;L;Uni;2
I036245/02;Carhartt Tee shirt;100.00;I036245-02-M;M;Uni;2
I036245/02;Carhartt Tee shirt;100.00;I036245-02-S;S;Uni;2
I036245/02;Carhartt Tee shirt;100.00;I036245-02-XL;XL;Uni;2
I036245/02;Carhartt Tee shirt;100.00;I036245-02-XS;XS;Uni;2
I036254/02;Carhartt Tee shirt;100.00;I036254-02-L;L;Uni;2
I036254/02;Carhartt Tee shirt;100.00;I036254-02-M;M;Uni;2
I036254/02;Carhartt Tee shirt;100.00;I036254-02-S;S;Uni;2
I036260/02;Carhartt Tee shirt;100.00;I036260-02-L;L;Uni;2
I036260/02;Carhartt Tee shirt;100.00;I036260-02-M;M;Uni;2
I036260/02;Carhartt Tee shirt;100.00;I036260-02-S;S;Uni;2
I036260/02;Carhartt Tee shirt;100.00;I036260-02-XS;XS;Uni;2
I036260/89;Carhartt Tee shirt;100.00;I036260-89-L;L;Uni;2
I036260/89;Carhartt Tee shirt;100.00;I036260-89-M;M;Uni;2
I036260/89;Carhartt Tee shirt;100.00;I036260-89-S;S;Uni;2
I036264/02;Carhartt Tee shirt;100.00;I036264-02-M;M;Uni;2
I036264/02;Carhartt Tee shirt;100.00;I036264-02-S;S;Uni;2
I036264/02;Carhartt Tee shirt;100.00;I036264-02-XS;XS;Uni;2
I036420/89;Carhartt Porte clefs;100.00;I036420-89-UN;UN;Uni;2
I036420/HZ;Carhartt Porte clefs;100.00;I036420-HZ-UN;UN;Uni;2
I036490/11GD;Carhartt Pantalon;100.00;I036490-11GD-M;M;Uni;2
I036490/11GD;Carhartt Pantalon;100.00;I036490-11GD-S;S;Uni;2
I036493/11GD;CARHARTT Bermuda;100.00;I036493-11GD-L;L;Uni;2
I036493/11GD;CARHARTT Bermuda;100.00;I036493-11GD-M;M;Uni;2
I036493/11GD;CARHARTT Bermuda;100.00;I036493-11GD-S;S;Uni;2
I036493/11GD;CARHARTT Bermuda;100.00;I036493-11GD-XS;XS;Uni;2
I036493/1NK;CARHARTT Bermuda;100.00;I036493-1NK-L;L;Uni;2
I036493/1NK;CARHARTT Bermuda;100.00;I036493-1NK-M;M;Uni;2
I036493/1NK;CARHARTT Bermuda;100.00;I036493-1NK-S;S;Uni;2
I036493/1NK;CARHARTT Bermuda;100.00;I036493-1NK-XS;XS;Uni;2
I036495/30K;Carhartt Veste;100.00;I036495-30K-M;M;Uni;2
I036586/0102;Carhartt Veste;100.00;I036586-0102-M;M;Uni;2
I036586/0102;Carhartt Veste;100.00;I036586-0102-S;S;Uni;2
I036730/0D2;CARHARTT Casquette;100.00;I036730-0D2-UN;UN;Uni;2
I036730/3M7;CARHARTT Casquette;100.00;I036730-3M7-UN;UN;Uni;2
I036730/3M8;CARHARTT Casquette;100.00;I036730-3M8-UN;UN;Uni;2
I036730/3N;CARHARTT Casquette;100.00;I036730-3N-UN;UN;Uni;2
I036730/3N7;CARHARTT Casquette;100.00;I036730-3N7-UN;UN;Uni;2
I036747/00F;CARHARTT Chaussettes;100.00;I036747-00F-UN;UN;Uni;2
I036747/00H;CARHARTT Chaussettes;100.00;I036747-00H-UN;UN;Uni;2
I036747/00R;CARHARTT Chaussettes;100.00;I036747-00R-UN;UN;Uni;2
I036747/3LP;CARHARTT Chaussettes;100.00;I036747-3LP-UN;UN;Uni;2
I036747/3LR;CARHARTT Chaussettes;100.00;I036747-3LR-UN;UN;Uni;2
