cod_article;name;reference;brand;category;collection;stock;price
;Bisous Bisous autre;SS26/76 UN;Bisous Skateboards;accessoires;SS26;2;100
;Bisous Bisous colllier chien;SS26/75 UN;Bisous Skateboards;accessoires;SS26;2;100
;Bisous Bisous laisse chien;SS26/74 UN;Bisous Skateboards;accessoires;SS26;2;100
;Bisous Bisous sweat;SS26/49 L;Bisous Skateboards;sweat;SS26;2;100
;Bisous Bisous sweat;SS26/49 M;Bisous Skateboards;sweat;SS26;2;100
;Bisous Bisous sweat;SS26/49 S;Bisous Skateboards;sweat;SS26;2;100
;Bisous Bisous Chaussettes;SS26/85 UN;Bisous Skateboards;chaussettes;SS26;2;100
;Bisous Bisous Chaussettes;SS26/86 UN;Bisous Skateboards;chaussettes;SS26;2;100
;Bisous Bisous Chaussettes;SS26/87 UN;Bisous Skateboards;chaussettes;SS26;2;100
;Bisous Bisous Chaussettes;SS26/88 UN;Bisous Skateboards;chaussettes;SS26;2;100
;Bisous Bisous Chaussettes;SS26/91 UN;Bisous Skateboards;chaussettes;SS26;2;100
;Bisous Bisous Chaussettes;SS26/92 UN;Bisous Skateboards;chaussettes;SS26;2;100
;Bisous Bisous Chaussettes;SS26/93 UN;Bisous Skateboards;chaussettes;SS26;2;100
;Bisous Bisous Chaussettes;SS26/94 UN;Bisous Skateboards;chaussettes;SS26;2;100
;Bisous Bisous Maillot homme;SS26/60 L;Bisous Skateboards;maillot homme;SS26;2;100
;Bisous Bisous Maillot homme;SS26/60 M;Bisous Skateboards;maillot homme;SS26;2;100
;Bisous Bisous Maillot homme;SS26/60 S;Bisous Skateboards;maillot homme;SS26;2;100
;Bisous Bisous Maillot homme;SS26/60 XL;Bisous Skateboards;maillot homme;SS26;2;100
;Bisous Bisous Maillot homme;SS26/60 XS;Bisous Skateboards;maillot homme;SS26;2;100
;Bisous Bisous Maillot homme;SS26/60 XXL;Bisous Skateboards;maillot homme;SS26;2;100
;Bisous Bisous Maillot homme;SS26/61 L;Bisous Skateboards;maillot homme;SS26;2;100
;Bisous Bisous Maillot homme;SS26/61 M;Bisous Skateboards;maillot homme;SS26;2;100
;Bisous Bisous Maillot homme;SS26/61 S;Bisous Skateboards;maillot homme;SS26;2;100
;Bisous Bisous Maillot homme;SS26/61 XL;Bisous Skateboards;maillot homme;SS26;2;100
;Bisous Bisous Maillot homme;SS26/61 XS;Bisous Skateboards;maillot homme;SS26;2;100
;Bisous Bisous Maillot homme;SS26/61 XXL;Bisous Skateboards;maillot homme;SS26;2;100
;Bisous Bisous Maillot homme;SS26/62 L;Bisous Skateboards;maillot homme;SS26;2;100
;Bisous Bisous Maillot homme;SS26/62 M;Bisous Skateboards;maillot homme;SS26;2;100
;Bisous Bisous Maillot homme;SS26/62 S;Bisous Skateboards;maillot homme;SS26;2;100
;Bisous Bisous Maillot homme;SS26/62 XL;Bisous Skateboards;maillot homme;SS26;2;100
;Bisous Bisous Maillot homme;SS26/62 XS;Bisous Skateboards;maillot homme;SS26;2;100
;Bisous Bisous Maillot homme;SS26/62 XXL;Bisous Skateboards;maillot homme;SS26;2;100
;Bisous Bisous Porte clefs;SS26/77 UN;Bisous Skateboards;accessoires;SS26;2;100
;Bisous Bisous Porte clefs;SS26/78 UN;Bisous Skateboards;accessoires;SS26;2;100
;Bisous Bisous Porte clefs;SS26/79 UN;Bisous Skateboards;accessoires;SS26;2;100
;Bisous Bisous Porte clefs;SS26/80 UN;Bisous Skateboards;accessoires;SS26;2;100
;Bisous Bisous Porte clefs;SS26/81 UN;Bisous Skateboards;accessoires;SS26;2;100
;Bisous Bisous Tee shirt;SS26/12 L;Bisous Skateboards;tee shirt;SS26;2;100
;Bisous Bisous Tee shirt;SS26/12 M;Bisous Skateboards;tee shirt;SS26;2;100
;Bisous Bisous Tee shirt;SS26/12 S;Bisous Skateboards;tee shirt;SS26;2;100
;Bisous Bisous Tee shirt;SS26/12 XL;Bisous Skateboards;tee shirt;SS26;2;100
;Bisous Bisous Tee shirt;SS26/12 XS;Bisous Skateboards;tee shirt;SS26;2;100
;Bisous Bisous Tee shirt;SS26/16 L;Bisous Skateboards;tee shirt;SS26;2;100
;Bisous Bisous Tee shirt;SS26/16 M;Bisous Skateboards;tee shirt;SS26;2;100
;Bisous Bisous Tee shirt;SS26/16 S;Bisous Skateboards;tee shirt;SS26;2;100
;Bisous Bisous Tee shirt;SS26/16 XL;Bisous Skateboards;tee shirt;SS26;2;100
;Bisous Bisous Tee shirt;SS26/22 L;Bisous Skateboards;tee shirt;SS26;2;100
;Bisous Bisous Tee shirt;SS26/22 M;Bisous Skateboards;tee shirt;SS26;2;100
;Bisous Bisous Tee shirt;SS26/22 S;Bisous Skateboards;tee shirt;SS26;2;100
;Bisous Bisous Tee shirt;SS26/22 XL;Bisous Skateboards;tee shirt;SS26;2;100
;bisous bisous Tee shirt;SS26/22 XS;Bisous Skateboards;tee shirt;SS26;2;100
;bisous bisous Tee shirt;SS26/24 L;Bisous Skateboards;tee shirt;SS26;2;100
;bisous bisous Tee shirt;SS26/24 M;Bisous Skateboards;tee shirt;SS26;2;100
;bisous bisous Tee shirt;SS26/24 S;Bisous Skateboards;tee shirt;SS26;2;100
;bisous bisous Tee shirt;SS26/24 XL;Bisous Skateboards;tee shirt;SS26;2;100
;bisous bisous Tee shirt;SS26/24 XS;Bisous Skateboards;tee shirt;SS26;2;100
;bisous bisous Tee shirt;SS26/27 L;Bisous Skateboards;tee shirt;SS26;2;100
;bisous bisous Tee shirt;SS26/27 M;Bisous Skateboards;tee shirt;SS26;2;100
;bisous bisous Tee shirt;SS26/27 S;Bisous Skateboards;tee shirt;SS26;2;100
;bisous bisous Tee shirt;SS26/27 XL;Bisous Skateboards;tee shirt;SS26;2;100
;bisous bisous Tee shirt;SS26/27 XS;Bisous Skateboards;tee shirt;SS26;2;100
;bisous bisous Tee shirt;SS26/28 L;Bisous Skateboards;tee shirt;SS26;2;100
;bisous bisous Tee shirt;SS26/28 M;Bisous Skateboards;tee shirt;SS26;2;100
;bisous bisous Tee shirt;SS26/28 S;Bisous Skateboards;tee shirt;SS26;2;100
;bisous bisous Tee shirt;SS26/28 XL;Bisous Skateboards;tee shirt;SS26;2;100
;bisous bisous Tee shirt;SS26/30 L;Bisous Skateboards;tee shirt;SS26;2;100
;bisous bisous Tee shirt;SS26/30 M;Bisous Skateboards;tee shirt;SS26;2;100
;bisous bisous Tee shirt;SS26/30 S;Bisous Skateboards;tee shirt;SS26;2;100
;bisous bisous Tee shirt;SS26/30 XL;Bisous Skateboards;tee shirt;SS26;2;100
;bisous bisous Tee shirt;SS26/30 XS;Bisous Skateboards;tee shirt;SS26;2;100
;bisous bisous Tee shirt;SS26/34 L;Bisous Skateboards;tee shirt;SS26;2;100
;bisous bisous Tee shirt;SS26/34 M;Bisous Skateboards;tee shirt;SS26;2;100
;bisous bisous Tee shirt;SS26/34 S;Bisous Skateboards;tee shirt;SS26;2;100
;bisous bisous Tee shirt;SS26/34 XL;Bisous Skateboards;tee shirt;SS26;2;100
;bisous bisous Tee shirt;SS26/34 XS;Bisous Skateboards;tee shirt;SS26;2;100
;bisous bisous Tee shirt;SS26/37 L;Bisous Skateboards;tee shirt;SS26;2;100
;bisous bisous Tee shirt;SS26/37 M;Bisous Skateboards;tee shirt;SS26;2;100
;bisous bisous Tee shirt;SS26/37 S;Bisous Skateboards;tee shirt;SS26;2;100
;bisous bisous Tee shirt;SS26/37 XL;Bisous Skateboards;tee shirt;SS26;2;100
;bisous bisous Tee shirt;SS26/37 XS;Bisous Skateboards;tee shirt;SS26;2;100
;bisous bisous Tee shirt;SS26/38 L;Bisous Skateboards;tee shirt;SS26;2;100
;bisous bisous Tee shirt;SS26/38 M;Bisous Skateboards;tee shirt;SS26;2;100
;bisous bisous Tee shirt;SS26/38 S;Bisous Skateboards;tee shirt;SS26;2;100
;bisous bisous Tee shirt;SS26/38 XL;Bisous Skateboards;tee shirt;SS26;2;100
;bisous bisous Tee shirt;SS26/38 XS;Bisous Skateboards;tee shirt;SS26;2;100
;bisous bisous Tee shirt;SS26/4 L;Bisous Skateboards;tee shirt;SS26;2;100
;bisous bisous Tee shirt;SS26/4 M;Bisous Skateboards;tee shirt;SS26;2;100
;bisous bisous Tee shirt;SS26/4 S;Bisous Skateboards;tee shirt;SS26;2;100
;bisous bisous Tee shirt;SS26/4 XL;Bisous Skateboards;tee shirt;SS26;2;100
;bisous bisous Tee shirt;SS26/4 XS;Bisous Skateboards;tee shirt;SS26;2;100
;bisous bisous Tee shirt;SS26/8 L;Bisous Skateboards;tee shirt;SS26;2;100
;bisous bisous Tee shirt;SS26/8 M;Bisous Skateboards;tee shirt;SS26;2;100
;bisous bisous Tee shirt;SS26/8 S;Bisous Skateboards;tee shirt;SS26;2;100
;bisous bisous Tee shirt;SS26/8 XL;Bisous Skateboards;tee shirt;SS26;2;100
;bisous bisous Tee shirt;SS26/8 XS;Bisous Skateboards;tee shirt;SS26;2;100
;bisous bisous Tee shirt;SS26/8 XXL;Bisous Skateboards;tee shirt;SS26;2;100
;bisous bisous Tee shirt;SS26/9 L;Bisous Skateboards;tee shirt;SS26;2;100
;bisous bisous Tee shirt;SS26/9 M;Bisous Skateboards;tee shirt;SS26;2;100
;bisous bisous Tee shirt;SS26/9 S;Bisous Skateboards;tee shirt;SS26;2;100
;bisous bisous Tee shirt;SS26/9 XL;Bisous Skateboards;tee shirt;SS26;2;100
;bisous bisous Tee shirt;SS26/9 XS;Bisous Skateboards;tee shirt;SS26;2;100
