cod_article;name;reference;brand;category;collection;stock;price;color;description;materials
;Birkenstock Boston;BOSTON/660463 38;birkenstock;sabots;SS26;1;160;Brown;Ce sabot Boston en cuir velours offre un confort optimal grâce à sa semelle souple.;Suede leather upper, leather insole, natural cork footbed, EVA sole. Soft Footbed.
;Birkenstock Boston;BOSTON/660463 39;birkenstock;sabots;SS26;1;160;Brown;Ce sabot Boston en cuir velours offre un confort optimal grâce à sa semelle souple.;Suede leather upper, leather insole, natural cork footbed, EVA sole. Soft Footbed.
;Birkenstock Boston;BOSTON/660463 40;birkenstock;sabots;SS26;1;160;Brown;Ce sabot Boston en cuir velours offre un confort optimal grâce à sa semelle souple.;Suede leather upper, leather insole, natural cork footbed, EVA sole. Soft Footbed.
;Birkenstock Boston;BOSTON/660463 41;birkenstock;sabots;SS26;1;160;Brown;Ce sabot Boston en cuir velours offre un confort optimal grâce à sa semelle souple.;Suede leather upper, leather insole, natural cork footbed, EVA sole. Soft Footbed.
;Birkenstock Boston;BOSTON/660463 42;birkenstock;sabots;SS26;1;160;Brown;Ce sabot Boston en cuir velours offre un confort optimal grâce à sa semelle souple.;Suede leather upper, leather insole, natural cork footbed, EVA sole. Soft Footbed.
;Birkenstock Boston;BOSTON/660463 43;birkenstock;sabots;SS26;1;160;Brown;Ce sabot Boston en cuir velours offre un confort optimal grâce à sa semelle souple.;Suede leather upper, leather insole, natural cork footbed, EVA sole. Soft Footbed.
;Birkenstock Boston;BOSTON/660473 38;birkenstock;sabots;SS26;1;160;Black;Ce sabot Boston classique est doté d'une tige en cuir velours noir et d'un lit de pied souple pour un confort optimal.;Suede leather upper, leather insole, natural cork footbed, EVA sole. Soft Footbed.
;Birkenstock Boston;BOSTON/660473 39;birkenstock;sabots;SS26;1;160;Black;Ce sabot Boston classique est doté d'une tige en cuir velours noir et d'un lit de pied souple pour un confort optimal.;Suede leather upper, leather insole, natural cork footbed, EVA sole. Soft Footbed.
;Birkenstock Boston;BOSTON/660473 40;birkenstock;sabots;SS26;1;160;Black;Ce sabot Boston classique est doté d'une tige en cuir velours noir et d'un lit de pied souple pour un confort optimal.;Suede leather upper, leather insole, natural cork footbed, EVA sole. Soft Footbed.
;Birkenstock Boston;BOSTON/660473 41;birkenstock;sabots;SS26;1;160;Black;Ce sabot Boston classique est doté d'une tige en cuir velours noir et d'un lit de pied souple pour un confort optimal.;Suede leather upper, leather insole, natural cork footbed, EVA sole. Soft Footbed.
;Birkenstock Boston;BOSTON/660473 42;birkenstock;sabots;SS26;1;160;Black;Ce sabot Boston classique est doté d'une tige en cuir velours noir et d'un lit de pied souple pour un confort optimal.;Suede leather upper, leather insole, natural cork footbed, EVA sole. Soft Footbed.
;Birkenstock Boston;BOSTON/660473 43;birkenstock;sabots;SS26;1;160;Black;Ce sabot Boston classique est doté d'une tige en cuir velours noir et d'un lit de pied souple pour un confort optimal.;Suede leather upper, leather insole, natural cork footbed, EVA sole. Soft Footbed.
;Birkenstock Boston;BOSTON/660473 44;birkenstock;sabots;SS26;1;160;Black;Ce sabot Boston classique est doté d'une tige en cuir velours noir et d'un lit de pied souple pour un confort optimal.;Suede leather upper, leather insole, natural cork footbed, EVA sole. Soft Footbed.
;Birkenstock Boston;BOSTON/1025844 43;birkenstock;sabots;SS26;1;150;Khaki;Un sabot classique en daim avec une bride réglable, doté d'une assise plantaire anatomique en liège pour un confort optimal.;Suede leather upper, leather insole, natural cork footbed, EVA sole
;Birkenstock Boston;BOSTON/1030883 36;birkenstock;sabots;SS26;1;150;Beige;Le Boston est un sabot confortable en cuir velours avec une bride réglable et une semelle anatomique en liège.;Suede leather upper, leather insole, natural cork footbed, EVA sole
;Birkenstock Boston;BOSTON/1030883 37;birkenstock;sabots;SS26;1;150;Beige;Le Boston est un sabot confortable en cuir velours avec une bride réglable et une semelle anatomique en liège.;Suede leather upper, leather insole, natural cork footbed, EVA sole
;Birkenstock Boston;BOSTON/1030883 38;birkenstock;sabots;SS26;1;150;Beige;Le Boston est un sabot confortable en cuir velours avec une bride réglable et une semelle anatomique en liège.;Suede leather upper, leather insole, natural cork footbed, EVA sole
;Birkenstock Boston;BOSTON/1030883 39;birkenstock;sabots;SS26;1;150;Beige;Le Boston est un sabot confortable en cuir velours avec une bride réglable et une semelle anatomique en liège.;Suede leather upper, leather insole, natural cork footbed, EVA sole
;Birkenstock Boston;BOSTON/1030883 40;birkenstock;sabots;SS26;1;150;Beige;Le Boston est un sabot confortable en cuir velours avec une bride réglable et une semelle anatomique en liège.;Suede leather upper, leather insole, natural cork footbed, EVA sole
;Birkenstock Boston;BOSTON/1030883 41;birkenstock;sabots;SS26;1;150;Beige;Le Boston est un sabot confortable en cuir velours avec une bride réglable et une semelle anatomique en liège.;Suede leather upper, leather insole, natural cork footbed, EVA sole
;Birkenstock Loma;LOMA/1031652 40;birkenstock;sabots;SS26;1;150;Charcoal;Ce sabot Loma en cuir velours anthracite est doté d'une bride réglable et d'une semelle anatomique en liège pour un confort optimal.;Suede leather upper, leather insole, natural cork footbed, EVA sole
;Birkenstock Loma;LOMA/1031652 41;birkenstock;sabots;SS26;1;150;Charcoal;Ce sabot Loma en cuir velours anthracite est doté d'une bride réglable et d'une semelle anatomique en liège pour un confort optimal.;Suede leather upper, leather insole, natural cork footbed, EVA sole
;Birkenstock Loma;LOMA/1031652 43;birkenstock;sabots;SS26;1;150;Charcoal;Ce sabot Loma en cuir velours anthracite est doté d'une bride réglable et d'une semelle anatomique en liège pour un confort optimal.;Suede leather upper, leather insole, natural cork footbed, EVA sole
;Birkenstock Naples Wrapped;NAPLES/1029710 41;birkenstock;mocassin;SS26;1;160;Taupe;Ce mule Naples Wrapped en cuir velours taupe présente un design de mocassin élégant avec une semelle intérieure en cuir et une semelle EVA pour un confort optimal.;Suede leather upper, leather insole, natural cork footbed, EVA sole.
;Birkenstock Naples Wrapped;NAPLES/1029710 42;birkenstock;mocassin;SS26;1;160;Taupe;Ce mule Naples Wrapped en cuir velours taupe présente un design de mocassin élégant avec une semelle intérieure en cuir et une semelle EVA pour un confort optimal.;Suede leather upper, leather insole, natural cork footbed, EVA sole.
;Birkenstock Naples Wrapped;NAPLES/1029710 43;birkenstock;mocassin;SS26;1;160;Taupe;Ce mule Naples Wrapped en cuir velours taupe présente un design de mocassin élégant avec une semelle intérieure en cuir et une semelle EVA pour un confort optimal.;Suede leather upper, leather insole, natural cork footbed, EVA sole.
;Birkenstock Naples Wrapped;NAPLES/1029710 44;birkenstock;mocassin;SS26;1;160;Taupe;Ce mule Naples Wrapped en cuir velours taupe présente un design de mocassin élégant avec une semelle intérieure en cuir et une semelle EVA pour un confort optimal.;Suede leather upper, leather insole, natural cork footbed, EVA sole.
;Birkenstock Naples Wrapped;NAPLES/1029710 45;birkenstock;mocassin;SS26;1;160;Taupe;Ce mule Naples Wrapped en cuir velours taupe présente un design de mocassin élégant avec une semelle intérieure en cuir et une semelle EVA pour un confort optimal.;Suede leather upper, leather insole, natural cork footbed, EVA sole.
;Birkenstock Arizona Soft Footbed;ARIZONA/951303 37;birkenstock;sandales;SS26;1;130;Taupe;Sandale Birkenstock Arizona classique à deux brides en daim taupe, dotée d'une semelle souple pour un confort accru.;Suede leather upper, leather insole, natural cork footbed, EVA sole, Soft Footbed
;Birkenstock Arizona Soft Footbed;ARIZONA/951303 38;birkenstock;sandales;SS26;1;130;Taupe;Sandale Birkenstock Arizona classique à deux brides en daim taupe, dotée d'une semelle souple pour un confort accru.;Suede leather upper, leather insole, natural cork footbed, EVA sole, Soft Footbed
;Birkenstock Arizona Soft Footbed;ARIZONA/951303 39;birkenstock;sandales;SS26;1;130;Taupe;Sandale Birkenstock Arizona classique à deux brides en daim taupe, dotée d'une semelle souple pour un confort accru.;Suede leather upper, leather insole, natural cork footbed, EVA sole, Soft Footbed
;Birkenstock Arizona Soft Footbed;ARIZONA/951303 40;birkenstock;sandales;SS26;1;130;Taupe;Sandale Birkenstock Arizona classique à deux brides en daim taupe, dotée d'une semelle souple pour un confort accru.;Suede leather upper, leather insole, natural cork footbed, EVA sole, Soft Footbed
;Birkenstock Arizona Soft Footbed;ARIZONA/951303 41;birkenstock;sandales;SS26;1;130;Taupe;Sandale Birkenstock Arizona classique à deux brides en daim taupe, dotée d'une semelle souple pour un confort accru.;Suede leather upper, leather insole, natural cork footbed, EVA sole, Soft Footbed
;Birkenstock Arizona Soft Footbed;ARIZONA/951303 42;birkenstock;sandales;SS26;1;130;Taupe;Sandale Birkenstock Arizona classique à deux brides en daim taupe, dotée d'une semelle souple pour un confort accru.;Suede leather upper, leather insole, natural cork footbed, EVA sole, Soft Footbed
;Birkenstock Arizona Soft Footbed;ARIZONA/951303 43;birkenstock;sandales;SS26;1;130;Taupe;Sandale Birkenstock Arizona classique à deux brides en daim taupe, dotée d'une semelle souple pour un confort accru.;Suede leather upper, leather insole, natural cork footbed, EVA sole, Soft Footbed
;Birkenstock Arizona Soft Footbed;ARIZONA/951303 44;birkenstock;sandales;SS26;1;130;Taupe;Sandale Birkenstock Arizona classique à deux brides en daim taupe, dotée d'une semelle souple pour un confort accru.;Suede leather upper, leather insole, natural cork footbed, EVA sole, Soft Footbed
;Birkenstock Arizona;ARIZONA/951313 38;birkenstock;sandales;SS26;1;130;Brown;Sandale Arizona classique à deux brides, dotée d'une tige en cuir velours et d'une assise plantaire souple en liège pour un confort optimal.;Suede leather upper, leather insole, natural cork footbed, EVA sole. Soft Footbed.
;Birkenstock Arizona;ARIZONA/951313 39;birkenstock;sandales;SS26;1;130;Brown;Sandale Arizona classique à deux brides, dotée d'une tige en cuir velours et d'une assise plantaire souple en liège pour un confort optimal.;Suede leather upper, leather insole, natural cork footbed, EVA sole. Soft Footbed.
;Birkenstock Arizona;ARIZONA/951313 40;birkenstock;sandales;SS26;1;130;Brown;Sandale Arizona classique à deux brides, dotée d'une tige en cuir velours et d'une assise plantaire souple en liège pour un confort optimal.;Suede leather upper, leather insole, natural cork footbed, EVA sole. Soft Footbed.
;Birkenstock Arizona;ARIZONA/951313 41;birkenstock;sandales;SS26;1;130;Brown;Sandale Arizona classique à deux brides, dotée d'une tige en cuir velours et d'une assise plantaire souple en liège pour un confort optimal.;Suede leather upper, leather insole, natural cork footbed, EVA sole. Soft Footbed.
;Birkenstock Arizona;ARIZONA/951313 42;birkenstock;sandales;SS26;1;130;Brown;Sandale Arizona classique à deux brides, dotée d'une tige en cuir velours et d'une assise plantaire souple en liège pour un confort optimal.;Suede leather upper, leather insole, natural cork footbed, EVA sole. Soft Footbed.
;Birkenstock Arizona;ARIZONA/951313 43;birkenstock;sandales;SS26;1;130;Brown;Sandale Arizona classique à deux brides, dotée d'une tige en cuir velours et d'une assise plantaire souple en liège pour un confort optimal.;Suede leather upper, leather insole, natural cork footbed, EVA sole. Soft Footbed.
;Birkenstock Arizona;ARIZONA/951313 44;birkenstock;sandales;SS26;1;130;Brown;Sandale Arizona classique à deux brides, dotée d'une tige en cuir velours et d'une assise plantaire souple en liège pour un confort optimal.;Suede leather upper, leather insole, natural cork footbed, EVA sole. Soft Footbed.
;Birkenstock Arizona;ARIZONA/151183 37;birkenstock;sandales;SS26;1;100;Brown;Sandale classique à deux brides réglables, dotée d'une tige en Birko-Flor et d'une assise plantaire en liège.;Birko-Flor upper, leather insole, natural cork footbed, EVA sole
;Birkenstock Arizona;ARIZONA/151183 38;birkenstock;sandales;SS26;1;100;Brown;Sandale classique à deux brides réglables, dotée d'une tige en Birko-Flor et d'une assise plantaire en liège.;Birko-Flor upper, leather insole, natural cork footbed, EVA sole
;Birkenstock Arizona;ARIZONA/151183 39;birkenstock;sandales;SS26;1;100;Brown;Sandale classique à deux brides réglables, dotée d'une tige en Birko-Flor et d'une assise plantaire en liège.;Birko-Flor upper, leather insole, natural cork footbed, EVA sole
;Birkenstock Arizona Soft Footbed;ARIZON/1009527 37;birkenstock;sandales;SS26;1;130;Mink;Sandale Arizona à deux brides en cuir velours couleur Vison, avec un lit de pied souple pour un confort optimal.;Suede leather upper, leather insole, natural cork footbed, EVA sole. Soft Footbed.
;Birkenstock Arizona Soft Footbed;ARIZON/1009527 38;birkenstock;sandales;SS26;1;130;Mink;Sandale Arizona à deux brides en cuir velours couleur Vison, avec un lit de pied souple pour un confort optimal.;Suede leather upper, leather insole, natural cork footbed, EVA sole. Soft Footbed.
;Birkenstock Arizona Soft Footbed;ARIZON/1009527 39;birkenstock;sandales;SS26;1;130;Mink;Sandale Arizona à deux brides en cuir velours couleur Vison, avec un lit de pied souple pour un confort optimal.;Suede leather upper, leather insole, natural cork footbed, EVA sole. Soft Footbed.
;Birkenstock Arizona Soft Footbed;ARIZON/1009527 40;birkenstock;sandales;SS26;1;130;Mink;Sandale Arizona à deux brides en cuir velours couleur Vison, avec un lit de pied souple pour un confort optimal.;Suede leather upper, leather insole, natural cork footbed, EVA sole. Soft Footbed.
;Birkenstock Arizona Soft Footbed;ARIZON/1009527 41;birkenstock;sandales;SS26;1;130;Mink;Sandale Arizona à deux brides en cuir velours couleur Vison, avec un lit de pied souple pour un confort optimal.;Suede leather upper, leather insole, natural cork footbed, EVA sole. Soft Footbed.
;Birkenstock Arizona Soft Footbed;ARIZON/1009527 42;birkenstock;sandales;SS26;1;130;Mink;Sandale Arizona à deux brides en cuir velours couleur Vison, avec un lit de pied souple pour un confort optimal.;Suede leather upper, leather insole, natural cork footbed, EVA sole. Soft Footbed.
;Birkenstock Arizona Soft Footbed;ARIZON/1009527 43;birkenstock;sandales;SS26;1;130;Mink;Sandale Arizona à deux brides en cuir velours couleur Vison, avec un lit de pied souple pour un confort optimal.;Suede leather upper, leather insole, natural cork footbed, EVA sole. Soft Footbed.
;Birkenstock Arizona Soft Footbed;ARIZON/1009527 44;birkenstock;sandales;SS26;1;130;Mink;Sandale Arizona à deux brides en cuir velours couleur Vison, avec un lit de pied souple pour un confort optimal.;Suede leather upper, leather insole, natural cork footbed, EVA sole. Soft Footbed.
;Birkenstock Arizona Soft Footbed;ARIZON/1009527 45;birkenstock;sandales;SS26;1;130;Mink;Sandale Arizona à deux brides en cuir velours couleur Vison, avec un lit de pied souple pour un confort optimal.;Suede leather upper, leather insole, natural cork footbed, EVA sole. Soft Footbed.
;Birkenstock Arizona;ARIZON/1009921 38;birkenstock;sandales;SS26;1;100;White;Sandale classique à deux brides réglables, dotée d'une tige en Birko-Flor, d'une assise plantaire en liège naturel et d'une semelle en EVA.;Birko-Flor upper, leather insole, natural cork footbed, EVA sole
;Birkenstock Arizona;ARIZON/1009921 39;birkenstock;sandales;SS26;1;100;White;Sandale classique à deux brides réglables, dotée d'une tige en Birko-Flor, d'une assise plantaire en liège naturel et d'une semelle en EVA.;Birko-Flor upper, leather insole, natural cork footbed, EVA sole
;Birkenstock Arizona;ARIZON/1009921 40;birkenstock;sandales;SS26;1;100;White;Sandale classique à deux brides réglables, dotée d'une tige en Birko-Flor, d'une assise plantaire en liège naturel et d'une semelle en EVA.;Birko-Flor upper, leather insole, natural cork footbed, EVA sole
;Birkenstock Arizona Big Buckle;ARIZON/1011073 36;birkenstock;sandales;SS26;1;150;Brown;Sandale à deux brides de style Arizona avec de grandes boucles, fabriquée en cuir naturel huilé et dotée d'une semelle en liège.;Natural Oiled Leather upper, leather insole, natural cork footbed, EVA sole
;Birkenstock Arizona Big Buckle;ARIZON/1011073 37;birkenstock;sandales;SS26;1;150;Brown;Sandale à deux brides de style Arizona avec de grandes boucles, fabriquée en cuir naturel huilé et dotée d'une semelle en liège.;Natural Oiled Leather upper, leather insole, natural cork footbed, EVA sole
;Birkenstock Arizona Big Buckle;ARIZON/1011073 38;birkenstock;sandales;SS26;1;150;Brown;Sandale à deux brides de style Arizona avec de grandes boucles, fabriquée en cuir naturel huilé et dotée d'une semelle en liège.;Natural Oiled Leather upper, leather insole, natural cork footbed, EVA sole
;Birkenstock Arizona Big Buckle;ARIZON/1011073 39;birkenstock;sandales;SS26;1;150;Brown;Sandale à deux brides de style Arizona avec de grandes boucles, fabriquée en cuir naturel huilé et dotée d'une semelle en liège.;Natural Oiled Leather upper, leather insole, natural cork footbed, EVA sole
;Birkenstock Arizona Big Buckle;ARIZON/1011073 40;birkenstock;sandales;SS26;1;150;Brown;Sandale à deux brides de style Arizona avec de grandes boucles, fabriquée en cuir naturel huilé et dotée d'une semelle en liège.;Natural Oiled Leather upper, leather insole, natural cork footbed, EVA sole
;Birkenstock Arizona;ARIZON/1016111 37;birkenstock;sandales;SS26;1;90;Gold;Sandale classique Arizona avec deux brides réglables, une tige en Birko-Flor doré, une semelle intérieure en cuir et une semelle extérieure en EVA.;Birko-Flor upper, leather insole, natural cork footbed, EVA sole
;Birkenstock Arizona;ARIZON/1016111 38;birkenstock;sandales;SS26;1;90;Gold;Sandale classique Arizona avec deux brides réglables, une tige en Birko-Flor doré, une semelle intérieure en cuir et une semelle extérieure en EVA.;Birko-Flor upper, leather insole, natural cork footbed, EVA sole
;Birkenstock Arizona;ARIZON/1016111 39;birkenstock;sandales;SS26;1;90;Gold;Sandale classique Arizona avec deux brides réglables, une tige en Birko-Flor doré, une semelle intérieure en cuir et une semelle extérieure en EVA.;Birko-Flor upper, leather insole, natural cork footbed, EVA sole
;Birkenstock Arizona;ARIZON/1016111 40;birkenstock;sandales;SS26;1;90;Gold;Sandale classique Arizona avec deux brides réglables, une tige en Birko-Flor doré, une semelle intérieure en cuir et une semelle extérieure en EVA.;Birko-Flor upper, leather insole, natural cork footbed, EVA sole
;Birkenstock Arizona Big Buckle;ARIZON/1021476 36;birkenstock;sandales;SS26;1;160;Black;Sandale Arizona à deux brides en cuir verni noir, avec de grandes boucles dorées et une semelle anatomique en liège.;Patent leather upper, leather insole, cork footbed, EVA sole
;Birkenstock Arizona Big Buckle;ARIZON/1021476 37;birkenstock;sandales;SS26;1;160;Black;Sandale Arizona à deux brides en cuir verni noir, avec de grandes boucles dorées et une semelle anatomique en liège.;Patent leather upper, leather insole, cork footbed, EVA sole
;Birkenstock Arizona Big Buckle;ARIZON/1021476 38;birkenstock;sandales;SS26;1;160;Black;Sandale Arizona à deux brides en cuir verni noir, avec de grandes boucles dorées et une semelle anatomique en liège.;Patent leather upper, leather insole, cork footbed, EVA sole
;Birkenstock Arizona Big Buckle;ARIZON/1021476 39;birkenstock;sandales;SS26;1;160;Black;Sandale Arizona à deux brides en cuir verni noir, avec de grandes boucles dorées et une semelle anatomique en liège.;Patent leather upper, leather insole, cork footbed, EVA sole
;Birkenstock Arizona Big Buckle;ARIZON/1021476 40;birkenstock;sandales;SS26;1;160;Black;Sandale Arizona à deux brides en cuir verni noir, avec de grandes boucles dorées et une semelle anatomique en liège.;Patent leather upper, leather insole, cork footbed, EVA sole
;Birkenstock Arizona Big Buckle;ARIZON/1021476 41;birkenstock;sandales;SS26;1;160;Black;Sandale Arizona à deux brides en cuir verni noir, avec de grandes boucles dorées et une semelle anatomique en liège.;Patent leather upper, leather insole, cork footbed, EVA sole
;Birkenstock Arizona;ARIZON/1023960 37;birkenstock;sandales;SS26;1;90;Copper;Sandale Birkenstock Arizona à deux brides, avec une tige synthétique couleur cuivre, une semelle intérieure en cuir et un lit de pied en liège, offrant une coupe étroite.;Birko-Flor upper, leather insole, natural cork footbed, EVA sole.
;Birkenstock Arizona;ARIZON/1023960 38;birkenstock;sandales;SS26;1;90;Copper;Sandale Birkenstock Arizona à deux brides, avec une tige synthétique couleur cuivre, une semelle intérieure en cuir et un lit de pied en liège, offrant une coupe étroite.;Birko-Flor upper, leather insole, natural cork footbed, EVA sole.
;Birkenstock Arizona;ARIZON/1023960 39;birkenstock;sandales;SS26;1;90;Copper;Sandale Birkenstock Arizona à deux brides, avec une tige synthétique couleur cuivre, une semelle intérieure en cuir et un lit de pied en liège, offrant une coupe étroite.;Birko-Flor upper, leather insole, natural cork footbed, EVA sole.
;Birkenstock Arizona;ARIZON/1023960 40;birkenstock;sandales;SS26;1;90;Copper;Sandale Birkenstock Arizona à deux brides, avec une tige synthétique couleur cuivre, une semelle intérieure en cuir et un lit de pied en liège, offrant une coupe étroite.;Birko-Flor upper, leather insole, natural cork footbed, EVA sole.
;Birkenstock Arizona Pap Chunky;ARIZON/1024950 37;birkenstock;sandales;SS26;1;120;Warm Sand;Cette sandale Arizona Papillio présente une tige en cuir velours, une semelle intérieure en cuir et une semelle extérieure compensée en EVA pour un style moderne et confortable.;Suede leather upper, leather insole, natural cork footbed, EVA sole
;Birkenstock Arizona Pap Chunky;ARIZON/1024950 38;birkenstock;sandales;SS26;1;120;Warm Sand;Cette sandale Arizona Papillio présente une tige en cuir velours, une semelle intérieure en cuir et une semelle extérieure compensée en EVA pour un style moderne et confortable.;Suede leather upper, leather insole, natural cork footbed, EVA sole
;Birkenstock Arizona Soft Footbed;ARIZON/1029260 38;birkenstock;sandales;SS26;1;120;Sand;Cette sandale Arizona est dotée de deux brides réglables en cuir velours et d'une assise plantaire souple en liège pour un confort optimal.;Suede leather upper, suede leather insole, natural cork Soft Footbed, EVA sole
;Birkenstock Arizona Droplet Buckle Cupsole;ARIZON/1029353 37;birkenstock;sandales;SS26;1;200;Black;Sandale Arizona à deux brides avec boucles Droplet, tige en cuir verni noir brillant, assise plantaire en liège et semelle Cupsole en caoutchouc.;Leather insole, natural cork footbed, natural leather patent upper, rubber sole.
;Birkenstock Arizona Droplet Buckle Cupsole;ARIZON/1029353 41;birkenstock;sandales;SS26;1;200;Black;Sandale Arizona à deux brides avec boucles Droplet, tige en cuir verni noir brillant, assise plantaire en liège et semelle Cupsole en caoutchouc.;Leather insole, natural cork footbed, natural leather patent upper, rubber sole.
;Birkenstock Arizona Rivet Border;ARIZON/1029390 37;birkenstock;sandales;SS26;1;150;Taupe;Sandale Arizona à deux brides en cuir velours taupe, ornée de rivets décoratifs, avec une semelle intérieure en cuir et une semelle extérieure en EVA.;Leather insole, natural cork footbed, suede leather upper, EVA sole.
;Birkenstock Arizona Rivet Border;ARIZON/1029390 38;birkenstock;sandales;SS26;1;150;Taupe;Sandale Arizona à deux brides en cuir velours taupe, ornée de rivets décoratifs, avec une semelle intérieure en cuir et une semelle extérieure en EVA.;Leather insole, natural cork footbed, suede leather upper, EVA sole.
;Birkenstock Arizona Rivet Border;ARIZON/1029390 39;birkenstock;sandales;SS26;1;150;Taupe;Sandale Arizona à deux brides en cuir velours taupe, ornée de rivets décoratifs, avec une semelle intérieure en cuir et une semelle extérieure en EVA.;Leather insole, natural cork footbed, suede leather upper, EVA sole.
;Birkenstock Arizona Rivet Border;ARIZON/1029390 40;birkenstock;sandales;SS26;1;150;Taupe;Sandale Arizona à deux brides en cuir velours taupe, ornée de rivets décoratifs, avec une semelle intérieure en cuir et une semelle extérieure en EVA.;Leather insole, natural cork footbed, suede leather upper, EVA sole.
;Birkenstock Arizona Big Buckle;ARIZON/1030395 39;birkenstock;sandales;SS26;1;150;Taupe;Sandale Arizona à deux brides avec de grandes boucles dorées, dotée d'une tige en cuir naturel huilé, d'une semelle intérieure en cuir véritable et d'une assise plantaire en liège naturel.;Natural Oiled Leather upper, leather insole, natural cork footbed, EVA sole.
;Birkenstock Arizona Big Buckle;ARIZON/1030395 40;birkenstock;sandales;SS26;1;150;Taupe;Sandale Arizona à deux brides avec de grandes boucles dorées, dotée d'une tige en cuir naturel huilé, d'une semelle intérieure en cuir véritable et d'une assise plantaire en liège naturel.;Natural Oiled Leather upper, leather insole, natural cork footbed, EVA sole.
;Birkenstock Arizona Big Buckle;ARIZON/1030395 41;birkenstock;sandales;SS26;1;150;Taupe;Sandale Arizona à deux brides avec de grandes boucles dorées, dotée d'une tige en cuir naturel huilé, d'une semelle intérieure en cuir véritable et d'une assise plantaire en liège naturel.;Natural Oiled Leather upper, leather insole, natural cork footbed, EVA sole.
;Birkenstock Arizona;ARIZON/1030865 38;birkenstock;sandales;SS26;1;130;Brown;Sandale Arizona classique avec deux brides réglables en cuir velours, dotée d'une assise plantaire souple en liège et d'une semelle EVA.;Suede leather upper, leather insole, cork footbed, EVA sole. Soft Footbed.
;Birkenstock Arizona;ARIZON/1030865 39;birkenstock;sandales;SS26;1;130;Brown;Sandale Arizona classique avec deux brides réglables en cuir velours, dotée d'une assise plantaire souple en liège et d'une semelle EVA.;Suede leather upper, leather insole, cork footbed, EVA sole. Soft Footbed.
;Birkenstock Arizona;ARIZON/1030865 40;birkenstock;sandales;SS26;1;130;Brown;Sandale Arizona classique avec deux brides réglables en cuir velours, dotée d'une assise plantaire souple en liège et d'une semelle EVA.;Suede leather upper, leather insole, cork footbed, EVA sole. Soft Footbed.
;Birkenstock Arizona;ARIZON/1030865 41;birkenstock;sandales;SS26;1;130;Brown;Sandale Arizona classique avec deux brides réglables en cuir velours, dotée d'une assise plantaire souple en liège et d'une semelle EVA.;Suede leather upper, leather insole, cork footbed, EVA sole. Soft Footbed.
;Birkenstock Arizona;ARIZON/1030865 42;birkenstock;sandales;SS26;1;130;Brown;Sandale Arizona classique avec deux brides réglables en cuir velours, dotée d'une assise plantaire souple en liège et d'une semelle EVA.;Suede leather upper, leather insole, cork footbed, EVA sole. Soft Footbed.
;Birkenstock Arizona;ARIZON/1030865 43;birkenstock;sandales;SS26;1;130;Brown;Sandale Arizona classique avec deux brides réglables en cuir velours, dotée d'une assise plantaire souple en liège et d'une semelle EVA.;Suede leather upper, leather insole, cork footbed, EVA sole. Soft Footbed.
;Birkenstock Arizona;ARIZON/1030865 44;birkenstock;sandales;SS26;1;130;Brown;Sandale Arizona classique avec deux brides réglables en cuir velours, dotée d'une assise plantaire souple en liège et d'une semelle EVA.;Suede leather upper, leather insole, cork footbed, EVA sole. Soft Footbed.
;Birkenstock Arizona Pap Chunky;ARIZON/1031254 38;birkenstock;sandales;SS26;1;120;Pink Clay;Une sandale à deux brides en cuir velours avec une semelle plateforme chunky.;Suede leather upper, leather insole, natural cork footbed, EVA sole
;Birkenstock Arizona Pap Chunky;ARIZON/1031254 39;birkenstock;sandales;SS26;1;120;Pink Clay;Une sandale à deux brides en cuir velours avec une semelle plateforme chunky.;Suede leather upper, leather insole, natural cork footbed, EVA sole
;Birkenstock Arizona Pap Chunky;ARIZON/1031254 40;birkenstock;sandales;SS26;1;120;Pink Clay;Une sandale à deux brides en cuir velours avec une semelle plateforme chunky.;Suede leather upper, leather insole, natural cork footbed, EVA sole
;Birkenstock Arizona;ARIZON/1031596 36;birkenstock;sandales;SS26;1;130;Purple;Sabot Arizona Birkenstock en cuir velours, bride ajustable et lit de pied anatomique en liège.;Suede leather upper, leather insole, cork footbed, EVA sole
;Birkenstock Arizona;ARIZON/1031596 37;birkenstock;sandales;SS26;1;130;Purple;Sabot Arizona Birkenstock en cuir velours, bride ajustable et lit de pied anatomique en liège.;Suede leather upper, leather insole, cork footbed, EVA sole
;Birkenstock Arizona;ARIZON/1031596 38;birkenstock;sandales;SS26;1;130;Purple;Sabot Arizona Birkenstock en cuir velours, bride ajustable et lit de pied anatomique en liège.;Suede leather upper, leather insole, cork footbed, EVA sole
;Birkenstock Arizona;ARIZON/1031596 39;birkenstock;sandales;SS26;1;130;Purple;Sabot Arizona Birkenstock en cuir velours, bride ajustable et lit de pied anatomique en liège.;Suede leather upper, leather insole, cork footbed, EVA sole
;Birkenstock Arizona;ARIZON/1031596 40;birkenstock;sandales;SS26;1;130;Purple;Sabot Arizona Birkenstock en cuir velours, bride ajustable et lit de pied anatomique en liège.;Suede leather upper, leather insole, cork footbed, EVA sole
;Birkenstock Arizona;ARIZON/1031651 37;birkenstock;sandales;SS26;1;120;Pink Clay;La sandale Birkenstock Arizona est un modèle classique à deux brides réglables, dotée d'une tige en cuir velours et d'une assise plantaire anatomique en liège pour un confort optimal.;Suede leather upper, leather insole, natural cork footbed, EVA sole
;Birkenstock Arizona;ARIZON/1031651 38;birkenstock;sandales;SS26;1;120;Pink Clay;La sandale Birkenstock Arizona est un modèle classique à deux brides réglables, dotée d'une tige en cuir velours et d'une assise plantaire anatomique en liège pour un confort optimal.;Suede leather upper, leather insole, natural cork footbed, EVA sole
;Birkenstock Arizona;ARIZON/1031651 39;birkenstock;sandales;SS26;1;120;Pink Clay;La sandale Birkenstock Arizona est un modèle classique à deux brides réglables, dotée d'une tige en cuir velours et d'une assise plantaire anatomique en liège pour un confort optimal.;Suede leather upper, leather insole, natural cork footbed, EVA sole
;Birkenstock Arizona;ARIZON/1031651 40;birkenstock;sandales;SS26;1;120;Pink Clay;La sandale Birkenstock Arizona est un modèle classique à deux brides réglables, dotée d'une tige en cuir velours et d'une assise plantaire anatomique en liège pour un confort optimal.;Suede leather upper, leather insole, natural cork footbed, EVA sole
;Birkenstock Arizona;ARIZON/1032061 36;birkenstock;sandales;SS26;1;120;Khaki;Sandale Arizona à deux brides en cuir velours, dotée d'une semelle anatomique en liège et d'une semelle extérieure en EVA pour un confort optimal.;Suede leather upper, leather insole, natural cork footbed, EVA sole
;Birkenstock Arizona;ARIZON/1032061 37;birkenstock;sandales;SS26;1;120;Khaki;Sandale Arizona à deux brides en cuir velours, dotée d'une semelle anatomique en liège et d'une semelle extérieure en EVA pour un confort optimal.;Suede leather upper, leather insole, natural cork footbed, EVA sole
;Birkenstock Arizona;ARIZON/1032061 38;birkenstock;sandales;SS26;1;120;Khaki;Sandale Arizona à deux brides en cuir velours, dotée d'une semelle anatomique en liège et d'une semelle extérieure en EVA pour un confort optimal.;Suede leather upper, leather insole, natural cork footbed, EVA sole
;Birkenstock Arizona;ARIZON/1032061 39;birkenstock;sandales;SS26;1;120;Khaki;Sandale Arizona à deux brides en cuir velours, dotée d'une semelle anatomique en liège et d'une semelle extérieure en EVA pour un confort optimal.;Suede leather upper, leather insole, natural cork footbed, EVA sole
;Birkenstock Arizona;ARIZON/1032061 40;birkenstock;sandales;SS26;1;120;Khaki;Sandale Arizona à deux brides en cuir velours, dotée d'une semelle anatomique en liège et d'une semelle extérieure en EVA pour un confort optimal.;Suede leather upper, leather insole, natural cork footbed, EVA sole
;Birkenstock Arizona;ARIZON/1032061 41;birkenstock;sandales;SS26;1;120;Khaki;Sandale Arizona à deux brides en cuir velours, dotée d'une semelle anatomique en liège et d'une semelle extérieure en EVA pour un confort optimal.;Suede leather upper, leather insole, natural cork footbed, EVA sole
;Birkenstock Arizona;ARIZON/1032061 42;birkenstock;sandales;SS26;1;120;Khaki;Sandale Arizona à deux brides en cuir velours, dotée d'une semelle anatomique en liège et d'une semelle extérieure en EVA pour un confort optimal.;Suede leather upper, leather insole, natural cork footbed, EVA sole
;Birkenstock Arizona;ARIZON/1032061 44;birkenstock;sandales;SS26;1;120;Khaki;Sandale Arizona à deux brides en cuir velours, dotée d'une semelle anatomique en liège et d'une semelle extérieure en EVA pour un confort optimal.;Suede leather upper, leather insole, natural cork footbed, EVA sole
;Birkenstock Arizona;ARIZON/1032061 45;birkenstock;sandales;SS26;1;120;Khaki;Sandale Arizona à deux brides en cuir velours, dotée d'une semelle anatomique en liège et d'une semelle extérieure en EVA pour un confort optimal.;Suede leather upper, leather insole, natural cork footbed, EVA sole
;Birkenstock Florida Fresh;FLORI/1029385 37;birkenstock;sandales;SS26;1;220;Black;Sandale à trois brides avec une tige en cuir verni, une semelle intérieure en cuir et une semelle extérieure en EVA.;Leather insole, natural cork footbed, natural leather patent upper, EVA sole.
;Birkenstock Florida Fresh;FLORI/1029385 38;birkenstock;sandales;SS26;1;220;Black;Sandale à trois brides avec une tige en cuir verni, une semelle intérieure en cuir et une semelle extérieure en EVA.;Leather insole, natural cork footbed, natural leather patent upper, EVA sole.
;Birkenstock Florida Fresh;FLORI/1029385 39;birkenstock;sandales;SS26;1;220;Black;Sandale à trois brides avec une tige en cuir verni, une semelle intérieure en cuir et une semelle extérieure en EVA.;Leather insole, natural cork footbed, natural leather patent upper, EVA sole.
;Birkenstock Florida Fresh;FLORI/1029385 40;birkenstock;sandales;SS26;1;220;Black;Sandale à trois brides avec une tige en cuir verni, une semelle intérieure en cuir et une semelle extérieure en EVA.;Leather insole, natural cork footbed, natural leather patent upper, EVA sole.
;Birkenstock Florida Fresh;FLORI/1029385 41;birkenstock;sandales;SS26;1;220;Black;Sandale à trois brides avec une tige en cuir verni, une semelle intérieure en cuir et une semelle extérieure en EVA.;Leather insole, natural cork footbed, natural leather patent upper, EVA sole.
;Birkenstock Florida;FLORI/1029818 38;birkenstock;sandales;SS26;1;100;White;Sandale à trois brides réglables avec une tige en Birko-Flor et une semelle intérieure en cuir, offrant un confort classique et un look élégant.;Birko-Flor synthetic upper, leather insole, natural cork footbed, EVA sole.
;Birkenstock Florida;FLORI/1029818 39;birkenstock;sandales;SS26;1;100;White;Sandale à trois brides réglables avec une tige en Birko-Flor et une semelle intérieure en cuir, offrant un confort classique et un look élégant.;Birko-Flor synthetic upper, leather insole, natural cork footbed, EVA sole.
;Birkenstock Florida;FLORI/1030352 38;birkenstock;sandales;SS26;1;100;Taupe;Cette sandale Florida à trois brides réglables est dotée d'une tige synthétique Birko-Flor avec une finition gracieuse, d'une semelle intérieure en cuir et d'une semelle extérieure en EVA.;Birko-Flor synthetic upper, leather insole, cork footbed, EVA sole
;Birkenstock Florida;FLORI/1030352 39;birkenstock;sandales;SS26;1;100;Taupe;Cette sandale Florida à trois brides réglables est dotée d'une tige synthétique Birko-Flor avec une finition gracieuse, d'une semelle intérieure en cuir et d'une semelle extérieure en EVA.;Birko-Flor synthetic upper, leather insole, cork footbed, EVA sole
;Birkenstock Florida;FLORI/1030352 40;birkenstock;sandales;SS26;1;100;Taupe;Cette sandale Florida à trois brides réglables est dotée d'une tige synthétique Birko-Flor avec une finition gracieuse, d'une semelle intérieure en cuir et d'une semelle extérieure en EVA.;Birko-Flor synthetic upper, leather insole, cork footbed, EVA sole
;Birkenstock Florida Fresh;FLORI/1031867 27;birkenstock;sandales;SS26;1;135;Mink;Cette sandale Birkenstock Florida Fresh est dotée d'une tige en cuir nubuck, de trois brides réglables et d'une semelle anatomique en liège pour un confort optimal.;Nubuck leather upper, leather insole, natural cork footbed, EVA sole.
;Birkenstock Florida Fresh;FLORI/1031867 37;birkenstock;sandales;SS26;1;135;Mink;Cette sandale Birkenstock Florida Fresh est dotée d'une tige en cuir nubuck, de trois brides réglables et d'une semelle anatomique en liège pour un confort optimal.;Nubuck leather upper, leather insole, natural cork footbed, EVA sole.
;Birkenstock Florida Fresh;FLORI/1031867 38;birkenstock;sandales;SS26;1;135;Mink;Cette sandale Birkenstock Florida Fresh est dotée d'une tige en cuir nubuck, de trois brides réglables et d'une semelle anatomique en liège pour un confort optimal.;Nubuck leather upper, leather insole, natural cork footbed, EVA sole.
;Birkenstock Florida Fresh;FLORI/1031867 39;birkenstock;sandales;SS26;1;135;Mink;Cette sandale Birkenstock Florida Fresh est dotée d'une tige en cuir nubuck, de trois brides réglables et d'une semelle anatomique en liège pour un confort optimal.;Nubuck leather upper, leather insole, natural cork footbed, EVA sole.
;Birkenstock Florida Fresh;FLORI/1031867 41;birkenstock;sandales;SS26;1;135;Mink;Cette sandale Birkenstock Florida Fresh est dotée d'une tige en cuir nubuck, de trois brides réglables et d'une semelle anatomique en liège pour un confort optimal.;Nubuck leather upper, leather insole, natural cork footbed, EVA sole.
;Birkenstock Madrid Big Buckle;MADRID/1006525 37;birkenstock;sandales;SS26;1;130;Cognac;Cette sandale Madrid à boucle large est dotée d'une tige en cuir naturel huilé, d'une semelle intérieure en cuir et d'une assise plantaire en liège pour un confort classique.;Oiled natural leather upper, leather insole, cork footbed, EVA sole
;Birkenstock Madrid Big Buckle;MADRID/1006525 38;birkenstock;sandales;SS26;1;130;Cognac;Cette sandale Madrid à boucle large est dotée d'une tige en cuir naturel huilé, d'une semelle intérieure en cuir et d'une assise plantaire en liège pour un confort classique.;Oiled natural leather upper, leather insole, cork footbed, EVA sole
;Birkenstock Madrid Big Buckle;MADRID/1006525 39;birkenstock;sandales;SS26;1;130;Cognac;Cette sandale Madrid à boucle large est dotée d'une tige en cuir naturel huilé, d'une semelle intérieure en cuir et d'une assise plantaire en liège pour un confort classique.;Oiled natural leather upper, leather insole, cork footbed, EVA sole
;Birkenstock Madrid Big Buckle;MADRID/1006525 40;birkenstock;sandales;SS26;1;130;Cognac;Cette sandale Madrid à boucle large est dotée d'une tige en cuir naturel huilé, d'une semelle intérieure en cuir et d'une assise plantaire en liège pour un confort classique.;Oiled natural leather upper, leather insole, cork footbed, EVA sole
;Birkenstock Madrid Big Buckle;MADRID/1006525 41;birkenstock;sandales;SS26;1;130;Cognac;Cette sandale Madrid à boucle large est dotée d'une tige en cuir naturel huilé, d'une semelle intérieure en cuir et d'une assise plantaire en liège pour un confort classique.;Oiled natural leather upper, leather insole, cork footbed, EVA sole
;Birkenstock Madrid;MADRID/1020632 38;birkenstock;sandales;SS26;1;90;Taupe;Une sandale à enfiler classique à une bride avec une tige synthétique Birko-Flor, une boucle ajustable et une assise plantaire en liège confortable.;Synthetic upper, leather insole, cork footbed, EVA sole
;Birkenstock Madrid;MADRID/1020632 39;birkenstock;sandales;SS26;1;90;Taupe;Une sandale à enfiler classique à une bride avec une tige synthétique Birko-Flor, une boucle ajustable et une assise plantaire en liège confortable.;Synthetic upper, leather insole, cork footbed, EVA sole
;Birkenstock Madrid;MADRID/1020632 40;birkenstock;sandales;SS26;1;90;Taupe;Une sandale à enfiler classique à une bride avec une tige synthétique Birko-Flor, une boucle ajustable et une assise plantaire en liège confortable.;Synthetic upper, leather insole, cork footbed, EVA sole
;Birkenstock Madrid;MADRID/1020632 41;birkenstock;sandales;SS26;1;90;Taupe;Une sandale à enfiler classique à une bride avec une tige synthétique Birko-Flor, une boucle ajustable et une assise plantaire en liège confortable.;Synthetic upper, leather insole, cork footbed, EVA sole
;Birkenstock Madrid Big Buckle;MADRID/1022650 37;birkenstock;sandales;SS26;1;140;Black;Cette sandale à enfiler Madrid est dotée d'une seule bride avec une grande boucle dorée, d'une tige en cuir naturel verni noir brillant et d'une assise plantaire en liège.;Leather insole, natural cork footbed, natural leather patent upper, EVA sole.
;Birkenstock Madrid Big Buckle;MADRID/1022650 38;birkenstock;sandales;SS26;1;140;Black;Cette sandale à enfiler Madrid est dotée d'une seule bride avec une grande boucle dorée, d'une tige en cuir naturel verni noir brillant et d'une assise plantaire en liège.;Leather insole, natural cork footbed, natural leather patent upper, EVA sole.
;Birkenstock Madrid Big Buckle;MADRID/1022650 39;birkenstock;sandales;SS26;1;140;Black;Cette sandale à enfiler Madrid est dotée d'une seule bride avec une grande boucle dorée, d'une tige en cuir naturel verni noir brillant et d'une assise plantaire en liège.;Leather insole, natural cork footbed, natural leather patent upper, EVA sole.
;Birkenstock Madrid Big Buckle;MADRID/1022650 40;birkenstock;sandales;SS26;1;140;Black;Cette sandale à enfiler Madrid est dotée d'une seule bride avec une grande boucle dorée, d'une tige en cuir naturel verni noir brillant et d'une assise plantaire en liège.;Leather insole, natural cork footbed, natural leather patent upper, EVA sole.
;Birkenstock Madrid Big Buckle;MADRID/1022650 41;birkenstock;sandales;SS26;1;140;Black;Cette sandale à enfiler Madrid est dotée d'une seule bride avec une grande boucle dorée, d'une tige en cuir naturel verni noir brillant et d'une assise plantaire en liège.;Leather insole, natural cork footbed, natural leather patent upper, EVA sole.
;Birkenstock Madrid Big Buckle;MADRID/1022650 42;birkenstock;sandales;SS26;1;140;Black;Cette sandale à enfiler Madrid est dotée d'une seule bride avec une grande boucle dorée, d'une tige en cuir naturel verni noir brillant et d'une assise plantaire en liège.;Leather insole, natural cork footbed, natural leather patent upper, EVA sole.
;Birkenstock Madrid Big Buckle;MADRID/1022650 43;birkenstock;sandales;SS26;1;140;Black;Cette sandale à enfiler Madrid est dotée d'une seule bride avec une grande boucle dorée, d'une tige en cuir naturel verni noir brillant et d'une assise plantaire en liège.;Leather insole, natural cork footbed, natural leather patent upper, EVA sole.
;Birkenstock Madrid Big Buckle;MADRID/1022650 44;birkenstock;sandales;SS26;1;140;Black;Cette sandale à enfiler Madrid est dotée d'une seule bride avec une grande boucle dorée, d'une tige en cuir naturel verni noir brillant et d'une assise plantaire en liège.;Leather insole, natural cork footbed, natural leather patent upper, EVA sole.
;Birkenstock Madrid Big Buckle;MADRID/1022650 45;birkenstock;sandales;SS26;1;140;Black;Cette sandale à enfiler Madrid est dotée d'une seule bride avec une grande boucle dorée, d'une tige en cuir naturel verni noir brillant et d'une assise plantaire en liège.;Leather insole, natural cork footbed, natural leather patent upper, EVA sole.
;Birkenstock Mayari;MAYARI/1016408 37;birkenstock;sandales;SS26;1;100;Taupe;Cette sandale Mayari à entre-doigts est dotée d'une tige synthétique Birko-Flor, d'une semelle intérieure en cuir et d'une assise plantaire en liège naturel pour un confort optimal.;Birko-Flor upper, leather insole, natural cork footbed, EVA sole
;Birkenstock Mayari;MAYARI/1016408 38;birkenstock;sandales;SS26;1;100;Taupe;Cette sandale Mayari à entre-doigts est dotée d'une tige synthétique Birko-Flor, d'une semelle intérieure en cuir et d'une assise plantaire en liège naturel pour un confort optimal.;Birko-Flor upper, leather insole, natural cork footbed, EVA sole
;Birkenstock Mayari;MAYARI/1016408 39;birkenstock;sandales;SS26;1;100;Taupe;Cette sandale Mayari à entre-doigts est dotée d'une tige synthétique Birko-Flor, d'une semelle intérieure en cuir et d'une assise plantaire en liège naturel pour un confort optimal.;Birko-Flor upper, leather insole, natural cork footbed, EVA sole
;Birkenstock Mayari;MAYARI/1016408 40;birkenstock;sandales;SS26;1;100;Taupe;Cette sandale Mayari à entre-doigts est dotée d'une tige synthétique Birko-Flor, d'une semelle intérieure en cuir et d'une assise plantaire en liège naturel pour un confort optimal.;Birko-Flor upper, leather insole, natural cork footbed, EVA sole
;Birkenstock Mayari;MAYARI/71661 37;birkenstock;sandales;SS26;1;100;White;Cette sandale Mayari présente un design élégant avec deux brides réglables et une boucle d'orteil, fabriquée avec une tige synthétique.;Synthetic upper, leather insole, natural cork footbed, EVA sole
;Birkenstock Mayari;MAYARI/71661 38;birkenstock;sandales;SS26;1;100;White;Cette sandale Mayari présente un design élégant avec deux brides réglables et une boucle d'orteil, fabriquée avec une tige synthétique.;Synthetic upper, leather insole, natural cork footbed, EVA sole
;Birkenstock Mayari;MAYARI/71661 39;birkenstock;sandales;SS26;1;100;White;Cette sandale Mayari présente un design élégant avec deux brides réglables et une boucle d'orteil, fabriquée avec une tige synthétique.;Synthetic upper, leather insole, natural cork footbed, EVA sole
;Birkenstock Mayari;MAYARI/71661 40;birkenstock;sandales;SS26;1;100;White;Cette sandale Mayari présente un design élégant avec deux brides réglables et une boucle d'orteil, fabriquée avec une tige synthétique.;Synthetic upper, leather insole, natural cork footbed, EVA sole
;Birkenstock Arizona Big Buckle EVA;ARIZON/1029651 38;birkenstock;sandales;SS26;1;65;Eggshell;Sandale à deux brides en EVA, légère et imperméable, avec de grandes boucles dorées, offrant un confort décontracté.;EVA upper, EVA insole, EVA footbed, EVA sole
;Birkenstock Arizona Big Buckle EVA;ARIZON/1029651 39;birkenstock;sandales;SS26;1;65;Eggshell;Sandale à deux brides en EVA, légère et imperméable, avec de grandes boucles dorées, offrant un confort décontracté.;EVA upper, EVA insole, EVA footbed, EVA sole
;Birkenstock Arizona Big Buckle EVA;ARIZON/1029651 40;birkenstock;sandales;SS26;1;65;Eggshell;Sandale à deux brides en EVA, légère et imperméable, avec de grandes boucles dorées, offrant un confort décontracté.;EVA upper, EVA insole, EVA footbed, EVA sole
;Birkenstock Arizona Big Buckle EVA;ARIZON/1029651 41;birkenstock;sandales;SS26;1;65;Eggshell;Sandale à deux brides en EVA, légère et imperméable, avec de grandes boucles dorées, offrant un confort décontracté.;EVA upper, EVA insole, EVA footbed, EVA sole
;Birkenstock Arizona Big Buckle EVA;ARIZON/1029651 42;birkenstock;sandales;SS26;1;65;Eggshell;Sandale à deux brides en EVA, légère et imperméable, avec de grandes boucles dorées, offrant un confort décontracté.;EVA upper, EVA insole, EVA footbed, EVA sole
;Birkenstock Arizona Big Buckle EVA;ARIZON/1029651 43;birkenstock;sandales;SS26;1;65;Eggshell;Sandale à deux brides en EVA, légère et imperméable, avec de grandes boucles dorées, offrant un confort décontracté.;EVA upper, EVA insole, EVA footbed, EVA sole
;Birkenstock Arizona Big Buckle EVA;ARIZON/1029651 44;birkenstock;sandales;SS26;1;65;Eggshell;Sandale à deux brides en EVA, légère et imperméable, avec de grandes boucles dorées, offrant un confort décontracté.;EVA upper, EVA insole, EVA footbed, EVA sole
;Birkenstock Arizona Big Buckle EVA;ARIZON/1030389 38;birkenstock;sandales;SS26;1;65;Gray Taupe;Sandale légère à deux brides avec de grandes boucles, entièrement fabriquée en EVA pour un confort imperméable.;EVA upper, EVA footbed, EVA sole
;Birkenstock Arizona Big Buckle EVA;ARIZON/1030389 39;birkenstock;sandales;SS26;1;65;Gray Taupe;Sandale légère à deux brides avec de grandes boucles, entièrement fabriquée en EVA pour un confort imperméable.;EVA upper, EVA footbed, EVA sole
;Birkenstock Arizona Big Buckle EVA;ARIZON/1030389 40;birkenstock;sandales;SS26;1;65;Gray Taupe;Sandale légère à deux brides avec de grandes boucles, entièrement fabriquée en EVA pour un confort imperméable.;EVA upper, EVA footbed, EVA sole
;Birkenstock Arizona Big Buckle EVA;ARIZON/1030389 41;birkenstock;sandales;SS26;1;65;Gray Taupe;Sandale légère à deux brides avec de grandes boucles, entièrement fabriquée en EVA pour un confort imperméable.;EVA upper, EVA footbed, EVA sole
;Birkenstock Arizona Big Buckle EVA;ARIZON/1030389 42;birkenstock;sandales;SS26;1;65;Gray Taupe;Sandale légère à deux brides avec de grandes boucles, entièrement fabriquée en EVA pour un confort imperméable.;EVA upper, EVA footbed, EVA sole
;Birkenstock Arizona Big Buckle EVA;ARIZON/1030389 43;birkenstock;sandales;SS26;1;65;Gray Taupe;Sandale légère à deux brides avec de grandes boucles, entièrement fabriquée en EVA pour un confort imperméable.;EVA upper, EVA footbed, EVA sole
;Birkenstock Arizona Big Buckle EVA;ARIZON/1030389 44;birkenstock;sandales;SS26;1;65;Gray Taupe;Sandale légère à deux brides avec de grandes boucles, entièrement fabriquée en EVA pour un confort imperméable.;EVA upper, EVA footbed, EVA sole
;Birkenstock Boston;BOSTON/1024714 36;birkenstock;sabots;SS26;1;150;Thyme;Ce sabot Boston est doté d'une tige en cuir velours, d'une semelle intérieure en cuir véritable et d'une semelle extérieure en EVA, offrant un confort optimal avec sa coupe étroite.;Suede leather upper, leather insole, natural cork footbed, EVA sole
;Birkenstock Boston;BOSTON/1024714 37;birkenstock;sabots;SS26;1;150;Thyme;Ce sabot Boston est doté d'une tige en cuir velours, d'une semelle intérieure en cuir véritable et d'une semelle extérieure en EVA, offrant un confort optimal avec sa coupe étroite.;Suede leather upper, leather insole, natural cork footbed, EVA sole
;Birkenstock Boston;BOSTON/1024714 38;birkenstock;sabots;SS26;1;150;Thyme;Ce sabot Boston est doté d'une tige en cuir velours, d'une semelle intérieure en cuir véritable et d'une semelle extérieure en EVA, offrant un confort optimal avec sa coupe étroite.;Suede leather upper, leather insole, natural cork footbed, EVA sole
;Birkenstock Boston;BOSTON/1024714 39;birkenstock;sabots;SS26;1;150;Thyme;Ce sabot Boston est doté d'une tige en cuir velours, d'une semelle intérieure en cuir véritable et d'une semelle extérieure en EVA, offrant un confort optimal avec sa coupe étroite.;Suede leather upper, leather insole, natural cork footbed, EVA sole
;Birkenstock Boston;BOSTON/1024714 40;birkenstock;sabots;SS26;1;150;Thyme;Ce sabot Boston est doté d'une tige en cuir velours, d'une semelle intérieure en cuir véritable et d'une semelle extérieure en EVA, offrant un confort optimal avec sa coupe étroite.;Suede leather upper, leather insole, natural cork footbed, EVA sole
;Birkenstock Boston;BOSTON/1024714 41;birkenstock;sabots;SS26;1;150;Thyme;Ce sabot Boston est doté d'une tige en cuir velours, d'une semelle intérieure en cuir véritable et d'une semelle extérieure en EVA, offrant un confort optimal avec sa coupe étroite.;Suede leather upper, leather insole, natural cork footbed, EVA sole
;Birkenstock Boston;BOSTON/1024714 42;birkenstock;sabots;SS26;1;150;Thyme;Ce sabot Boston est doté d'une tige en cuir velours, d'une semelle intérieure en cuir véritable et d'une semelle extérieure en EVA, offrant un confort optimal avec sa coupe étroite.;Suede leather upper, leather insole, natural cork footbed, EVA sole
;Birkenstock Boston;BOSTON/1024714 43;birkenstock;sabots;SS26;1;150;Thyme;Ce sabot Boston est doté d'une tige en cuir velours, d'une semelle intérieure en cuir véritable et d'une semelle extérieure en EVA, offrant un confort optimal avec sa coupe étroite.;Suede leather upper, leather insole, natural cork footbed, EVA sole
;Birkenstock Boston;BOSTON/1024714 44;birkenstock;sabots;SS26;1;150;Thyme;Ce sabot Boston est doté d'une tige en cuir velours, d'une semelle intérieure en cuir véritable et d'une semelle extérieure en EVA, offrant un confort optimal avec sa coupe étroite.;Suede leather upper, leather insole, natural cork footbed, EVA sole
;Birkenstock Boston Rivet Border;BOSTON/1030418 36;birkenstock;sabots;SS26;1;180;Taupe;Ce sabot Boston en daim taupe est orné de clous décoratifs, offrant un style unique et robuste.;Suede leather upper, leather insole, natural cork footbed, EVA sole
;Birkenstock Boston Rivet Border;BOSTON/1030418 37;birkenstock;sabots;SS26;1;180;Taupe;Ce sabot Boston en daim taupe est orné de clous décoratifs, offrant un style unique et robuste.;Suede leather upper, leather insole, natural cork footbed, EVA sole
;Birkenstock Boston Rivet Border;BOSTON/1030418 38;birkenstock;sabots;SS26;1;180;Taupe;Ce sabot Boston en daim taupe est orné de clous décoratifs, offrant un style unique et robuste.;Suede leather upper, leather insole, natural cork footbed, EVA sole
;Birkenstock Boston Rivet Border;BOSTON/1030418 39;birkenstock;sabots;SS26;1;180;Taupe;Ce sabot Boston en daim taupe est orné de clous décoratifs, offrant un style unique et robuste.;Suede leather upper, leather insole, natural cork footbed, EVA sole
;Birkenstock Boston Rivet Border;BOSTON/1030418 40;birkenstock;sabots;SS26;1;180;Taupe;Ce sabot Boston en daim taupe est orné de clous décoratifs, offrant un style unique et robuste.;Suede leather upper, leather insole, natural cork footbed, EVA sole
;Birkenstock Boston Rivet Border;BOSTON/1030418 41;birkenstock;sabots;SS26;1;180;Taupe;Ce sabot Boston en daim taupe est orné de clous décoratifs, offrant un style unique et robuste.;Suede leather upper, leather insole, natural cork footbed, EVA sole
;Birkenstock Boston Rivet Border;BOSTON/1030418 42;birkenstock;sabots;SS26;1;180;Taupe;Ce sabot Boston en daim taupe est orné de clous décoratifs, offrant un style unique et robuste.;Suede leather upper, leather insole, natural cork footbed, EVA sole
;Birkenstock Boston Rivet Border;BOSTON/1030418 43;birkenstock;sabots;SS26;1;180;Taupe;Ce sabot Boston en daim taupe est orné de clous décoratifs, offrant un style unique et robuste.;Suede leather upper, leather insole, natural cork footbed, EVA sole
;Birkenstock Boston Rivet Border;BOSTON/1030418 44;birkenstock;sabots;SS26;1;180;Taupe;Ce sabot Boston en daim taupe est orné de clous décoratifs, offrant un style unique et robuste.;Suede leather upper, leather insole, natural cork footbed, EVA sole
;Birkenstock Boston;BOSTON/1030861 36;birkenstock;sabots;SS26;1;160;Dark Tea;Ce sabot Boston est doté d'une tige en cuir velours, d'une semelle intérieure en cuir et d'une assise plantaire souple en liège naturel pour un confort optimal.;Suede leather upper, leather insole, natural cork soft footbed, EVA sole.
;Birkenstock Boston;BOSTON/1030861 37;birkenstock;sabots;SS26;1;160;Dark Tea;Ce sabot Boston est doté d'une tige en cuir velours, d'une semelle intérieure en cuir et d'une assise plantaire souple en liège naturel pour un confort optimal.;Suede leather upper, leather insole, natural cork soft footbed, EVA sole.
;Birkenstock Boston;BOSTON/1030861 38;birkenstock;sabots;SS26;1;160;Dark Tea;Ce sabot Boston est doté d'une tige en cuir velours, d'une semelle intérieure en cuir et d'une assise plantaire souple en liège naturel pour un confort optimal.;Suede leather upper, leather insole, natural cork soft footbed, EVA sole.
;Birkenstock Boston;BOSTON/1030861 39;birkenstock;sabots;SS26;1;160;Dark Tea;Ce sabot Boston est doté d'une tige en cuir velours, d'une semelle intérieure en cuir et d'une assise plantaire souple en liège naturel pour un confort optimal.;Suede leather upper, leather insole, natural cork soft footbed, EVA sole.
;Birkenstock Boston;BOSTON/1030861 40;birkenstock;sabots;SS26;1;160;Dark Tea;Ce sabot Boston est doté d'une tige en cuir velours, d'une semelle intérieure en cuir et d'une assise plantaire souple en liège naturel pour un confort optimal.;Suede leather upper, leather insole, natural cork soft footbed, EVA sole.
;Birkenstock Boston;BOSTON/1030861 41;birkenstock;sabots;SS26;1;160;Dark Tea;Ce sabot Boston est doté d'une tige en cuir velours, d'une semelle intérieure en cuir et d'une assise plantaire souple en liège naturel pour un confort optimal.;Suede leather upper, leather insole, natural cork soft footbed, EVA sole.
;Birkenstock Boston;BOSTON/1030861 42;birkenstock;sabots;SS26;1;160;Dark Tea;Ce sabot Boston est doté d'une tige en cuir velours, d'une semelle intérieure en cuir et d'une assise plantaire souple en liège naturel pour un confort optimal.;Suede leather upper, leather insole, natural cork soft footbed, EVA sole.
;Birkenstock Boston;BOSTON/1030861 43;birkenstock;sabots;SS26;1;160;Dark Tea;Ce sabot Boston est doté d'une tige en cuir velours, d'une semelle intérieure en cuir et d'une assise plantaire souple en liège naturel pour un confort optimal.;Suede leather upper, leather insole, natural cork soft footbed, EVA sole.
;Birkenstock Boston;BOSTON/1030861 44;birkenstock;sabots;SS26;1;160;Dark Tea;Ce sabot Boston est doté d'une tige en cuir velours, d'une semelle intérieure en cuir et d'une assise plantaire souple en liège naturel pour un confort optimal.;Suede leather upper, leather insole, natural cork soft footbed, EVA sole.
;Birkenstock Boston;BOSTON/1031577 36;birkenstock;sabots;SS26;1;160;Faded Purple;Un sabot classique Boston en cuir suédé, doté d'une bride réglable et d'une semelle intérieure souple pour un confort optimal.;Suede leather upper, leather insole, natural cork footbed, EVA sole. Soft Footbed.
;Birkenstock Boston;BOSTON/1031577 37;birkenstock;sabots;SS26;1;160;Faded Purple;Un sabot classique Boston en cuir suédé, doté d'une bride réglable et d'une semelle intérieure souple pour un confort optimal.;Suede leather upper, leather insole, natural cork footbed, EVA sole. Soft Footbed.
;Birkenstock Boston;BOSTON/1031577 38;birkenstock;sabots;SS26;1;160;Faded Purple;Un sabot classique Boston en cuir suédé, doté d'une bride réglable et d'une semelle intérieure souple pour un confort optimal.;Suede leather upper, leather insole, natural cork footbed, EVA sole. Soft Footbed.
;Birkenstock Boston;BOSTON/1031577 39;birkenstock;sabots;SS26;1;160;Faded Purple;Un sabot classique Boston en cuir suédé, doté d'une bride réglable et d'une semelle intérieure souple pour un confort optimal.;Suede leather upper, leather insole, natural cork footbed, EVA sole. Soft Footbed.
;Birkenstock Boston;BOSTON/1031577 40;birkenstock;sabots;SS26;1;160;Faded Purple;Un sabot classique Boston en cuir suédé, doté d'une bride réglable et d'une semelle intérieure souple pour un confort optimal.;Suede leather upper, leather insole, natural cork footbed, EVA sole. Soft Footbed.
;Birkenstock Boston;BOSTON/1031577 41;birkenstock;sabots;SS26;1;160;Faded Purple;Un sabot classique Boston en cuir suédé, doté d'une bride réglable et d'une semelle intérieure souple pour un confort optimal.;Suede leather upper, leather insole, natural cork footbed, EVA sole. Soft Footbed.
;Birkenstock Boston;BOSTON/1031577 42;birkenstock;sabots;SS26;1;160;Faded Purple;Un sabot classique Boston en cuir suédé, doté d'une bride réglable et d'une semelle intérieure souple pour un confort optimal.;Suede leather upper, leather insole, natural cork footbed, EVA sole. Soft Footbed.
;Birkenstock Boston;BOSTON/1031577 43;birkenstock;sabots;SS26;1;160;Faded Purple;Un sabot classique Boston en cuir suédé, doté d'une bride réglable et d'une semelle intérieure souple pour un confort optimal.;Suede leather upper, leather insole, natural cork footbed, EVA sole. Soft Footbed.
;Birkenstock Boston;BOSTON/1031577 44;birkenstock;sabots;SS26;1;160;Faded Purple;Un sabot classique Boston en cuir suédé, doté d'une bride réglable et d'une semelle intérieure souple pour un confort optimal.;Suede leather upper, leather insole, natural cork footbed, EVA sole. Soft Footbed.
;Birkenstock Boston;BOSTON/1031635 36;birkenstock;sabots;SS26;1;150;Pink;Le sabot Boston est doté d'une tige en cuir velours rose, d'une assise plantaire en liège et d'une semelle EVA, offrant confort et style.;Suede leather upper, leather insole, natural cork footbed, EVA sole.
;Birkenstock Boston;BOSTON/1031635 37;birkenstock;sabots;SS26;1;150;Pink;Le sabot Boston est doté d'une tige en cuir velours rose, d'une assise plantaire en liège et d'une semelle EVA, offrant confort et style.;Suede leather upper, leather insole, natural cork footbed, EVA sole.
;Birkenstock Boston;BOSTON/1031635 38;birkenstock;sabots;SS26;1;150;Pink;Le sabot Boston est doté d'une tige en cuir velours rose, d'une assise plantaire en liège et d'une semelle EVA, offrant confort et style.;Suede leather upper, leather insole, natural cork footbed, EVA sole.
;Birkenstock Boston;BOSTON/1031635 39;birkenstock;sabots;SS26;1;150;Pink;Le sabot Boston est doté d'une tige en cuir velours rose, d'une assise plantaire en liège et d'une semelle EVA, offrant confort et style.;Suede leather upper, leather insole, natural cork footbed, EVA sole.
;Birkenstock Boston;BOSTON/1031635 40;birkenstock;sabots;SS26;1;150;Pink;Le sabot Boston est doté d'une tige en cuir velours rose, d'une assise plantaire en liège et d'une semelle EVA, offrant confort et style.;Suede leather upper, leather insole, natural cork footbed, EVA sole.
;Birkenstock Boston;BOSTON/1031635 41;birkenstock;sabots;SS26;1;150;Pink;Le sabot Boston est doté d'une tige en cuir velours rose, d'une assise plantaire en liège et d'une semelle EVA, offrant confort et style.;Suede leather upper, leather insole, natural cork footbed, EVA sole.
;Birkenstock Boston;BOSTON/1031635 42;birkenstock;sabots;SS26;1;150;Pink;Le sabot Boston est doté d'une tige en cuir velours rose, d'une assise plantaire en liège et d'une semelle EVA, offrant confort et style.;Suede leather upper, leather insole, natural cork footbed, EVA sole.
;Birkenstock Boston;BOSTON/1031635 43;birkenstock;sabots;SS26;1;150;Pink;Le sabot Boston est doté d'une tige en cuir velours rose, d'une assise plantaire en liège et d'une semelle EVA, offrant confort et style.;Suede leather upper, leather insole, natural cork footbed, EVA sole.
;Birkenstock Boston;BOSTON/1031635 44;birkenstock;sabots;SS26;1;150;Pink;Le sabot Boston est doté d'une tige en cuir velours rose, d'une assise plantaire en liège et d'une semelle EVA, offrant confort et style.;Suede leather upper, leather insole, natural cork footbed, EVA sole.
