name;reference;brand;category;collection;stock;price
Autry Bermuda;SHPM/079Y L;autry;bermuda;SS26;2;100
Autry Bermuda;SHPM/079Y M;autry;bermuda;SS26;2;100
Autry Bermuda;SHPM/079Y S;autry;bermuda;SS26;2;100
Autry Sweat;SWPX/036W L;autry;sweat;SS26;2;100
Autry Sweat;SWPX/036W M;autry;sweat;SS26;2;100
Autry Sweat;SWPX/036W S;autry;sweat;SS26;2;100
Autry Sweat;SWPX/036W XL;autry;sweat;SS26;2;100
Autry Basket;AULM/BH02 39;autry;basket;SS26;2;100
Autry Basket;AULM/BH02 40;autry;basket;SS26;2;100
Autry Basket;AULM/BH02 41;autry;basket;SS26;2;100
Autry Basket;AULM/BH02 42;autry;basket;SS26;2;100
Autry Basket;AULM/BH02 43;autry;basket;SS26;2;100
Autry Basket;AULM/BH02 44;autry;basket;SS26;2;100
Autry Basket;AULM/BH02 45;autry;basket;SS26;2;100
Autry Basket;AULM/BH02 46;autry;basket;SS26;2;100
Autry Basket;AULM/BW02 41;autry;basket;SS26;2;100
Autry Basket;AULM/BW02 42;autry;basket;SS26;2;100
Autry Basket;AULM/BW02 43;autry;basket;SS26;2;100
Autry Basket;AULM/BW04 41;autry;basket;SS26;2;100
Autry Basket;AULM/BW04 42;autry;basket;SS26;2;100
Autry Basket;AULM/BW04 43;autry;basket;SS26;2;100
Autry Basket;AULM/BW04 44;autry;basket;SS26;2;100
Autry Basket;AULM/LS12 41;autry;basket;SS26;2;100
Autry Basket;AULM/LS12 42;autry;basket;SS26;2;100
Autry Basket;AULM/LS12 43;autry;basket;SS26;2;100
Autry Basket;AULM/LS12 44;autry;basket;SS26;2;100
Autry Basket;AULM/LS14 42;autry;basket;SS26;2;100
Autry Basket;AULM/LS14 43;autry;basket;SS26;2;100
Autry Basket;AULM/LS21 40;autry;basket;SS26;2;100
Autry Basket;AULM/LS21 41;autry;basket;SS26;2;100
Autry Basket;AULM/LS21 42;autry;basket;SS26;2;100
Autry Basket;AULM/LS21 43;autry;basket;SS26;2;100
Autry Basket;AULM/LS21 44;autry;basket;SS26;2;100
Autry Basket;AULM/LS23/2 39;autry;basket;SS26;2;100
Autry Basket;AULM/LS23/2 40;autry;basket;SS26;2;100
Autry Basket;AULM/LS23/2 41;autry;basket;SS26;2;100
Autry Basket;AULM/LS23/2 42;autry;basket;SS26;2;100
Autry Basket;AULM/LS23/2 43;autry;basket;SS26;2;100
Autry Basket;AULM/LS23/2 44;autry;basket;SS26;2;100
Autry Basket;AULM/LS23/2 45;autry;basket;SS26;2;100
Autry Basket;AULM/TS29 39;autry;basket;SS26;2;100
Autry Basket;AULM/TS29 41;autry;basket;SS26;2;100
Autry Basket;AULM/TS29 42;autry;basket;SS26;2;100
Autry Basket;AULM/TS29 43;autry;basket;SS26;2;100
Autry Basket;AULM/TS29 44;autry;basket;SS26;2;100
Autry Basket;AULM/TS29 45;autry;basket;SS26;2;100
Autry Basket;AVLM/KH01 42;autry;basket;SS26;2;100
Autry Basket;AVLM/KH01 43;autry;basket;SS26;2;100
Autry Basket;AVLM/KH02 41;autry;basket;SS26;2;100
Autry Basket;AVLM/KH02 42;autry;basket;SS26;2;100
Autry Basket;AVLM/KH02 43;autry;basket;SS26;2;100
Autry Basket;HYLM/HU02 40;autry;basket;SS26;2;100
Autry Basket;HYLM/HU02 41;autry;basket;SS26;2;100
Autry Basket;HYLM/HU02 42;autry;basket;SS26;2;100
Autry Basket;HYLM/HU02 43;autry;basket;SS26;2;100
Autry Basket;WWLM/UT40 43;autry;basket;SS26;2;100
Autry Basket;WWLM/UT40 44;autry;basket;SS26;2;100
Autry Basket;WWLM/UT40 45;autry;basket;SS26;2;100
Autry Basket;WWLM/UT42 40;autry;basket;SS26;2;100
Autry Basket;WWLM/UT42 41;autry;basket;SS26;2;100
Autry Basket;WWLM/UT42 42;autry;basket;SS26;2;100
Autry Basket;WWLM/UT42 43;autry;basket;SS26;2;100
Autry Basket;WWLM/UT42 44;autry;basket;SS26;2;100
Autry Basket;WWLM/UT42 45;autry;basket;SS26;2;100
Autry Basket;WWLM/3T01 39;autry;basket;SS26;2;100
Autry Basket;WWLM/3T01 40;autry;basket;SS26;2;100
Autry Basket;WWLM/3T01 41;autry;basket;SS26;2;100
Autry Basket;WWLM/3T01 42;autry;basket;SS26;2;100
Autry Basket;WWLM/3T01 43;autry;basket;SS26;2;100
Autry Basket;WWLM/3T01 44;autry;basket;SS26;2;100
Autry Basket;WWLM/3T01 45;autry;basket;SS26;2;100
Autry Basket;WWLM/3T08 39;autry;basket;SS26;2;100
Autry Basket;WWLM/3T08 40;autry;basket;SS26;2;100
Autry Basket;WWLM/3T08 41;autry;basket;SS26;2;100
Autry Basket;WWLM/3T08 42;autry;basket;SS26;2;100
Autry Basket;WWLM/3T08 43;autry;basket;SS26;2;100
Autry Basket;WWLM/3T08 44;autry;basket;SS26;2;100
Autry Basket;WWLM/3T08 45;autry;basket;SS26;2;100
Autry Pantalon;PAPM/027B L;autry;pantalon;SS26;2;100
Autry Pantalon;PAPM/027B M;autry;pantalon;SS26;2;100
Autry Pantalon;PAPM/027B S;autry;pantalon;SS26;2;100
Autry Pantalon;PAPX/019K L;autry;pantalon;SS26;2;100
Autry Pantalon;PAPX/019K M;autry;pantalon;SS26;2;100
Autry Pantalon;PAPX/019K S;autry;pantalon;SS26;2;100
Autry Tee shirt;TSPM/044W L;autry;tee shirt;SS26;2;100
Autry Tee shirt;TSPM/044W M;autry;tee shirt;SS26;2;100
Autry Tee shirt;TSPM/044W S;autry;tee shirt;SS26;2;100
Autry Tee shirt;TSPM/044W XL;autry;tee shirt;SS26;2;100
Autry Tee shirt;TSPM/044W XXL;autry;tee shirt;SS26;2;100
Autry Tee shirt;TSPX/047W L;autry;tee shirt;SS26;2;100
Autry Tee shirt;TSPX/047W M;autry;tee shirt;SS26;2;100
Autry Tee shirt;TSPX/047W S;autry;tee shirt;SS26;2;100
Autry Tee shirt;TSPX/047W XL;autry;tee shirt;SS26;2;100
Autry Tee shirt;TSPX/047W XXL;autry;tee shirt;SS26;2;100
Autry Tee shirt;TSPX/053W L;autry;tee shirt;SS26;2;100
Autry Tee shirt;TSPX/053W M;autry;tee shirt;SS26;2;100
Autry Tee shirt;TSPX/053W S;autry;tee shirt;SS26;2;100
Autry Tee shirt;TSPX/053W XL;autry;tee shirt;SS26;2;100
Autry Tee shirt;TSPX/053Y L;autry;tee shirt;SS26;2;100
Autry Tee shirt;TSPX/053Y M;autry;tee shirt;SS26;2;100
Autry Tee shirt;TSPX/053Y S;autry;tee shirt;SS26;2;100
Autry Tee shirt;TSPX/053Y XL;autry;tee shirt;SS26;2;100
Autry Veste;HIPX/032K L;autry;veste;SS26;2;100
Autry Veste;HIPX/032K M;autry;veste;SS26;2;100
Autry Veste;HIPX/032K S;autry;veste;SS26;2;100
Autry Veste;HIPX/032K XL;autry;veste;SS26;2;100
Autry Veste;JAPM/026B L;autry;veste;SS26;2;100
Autry Veste;JAPM/026B M;autry;veste;SS26;2;100
Autry Veste;JAPM/026B S;autry;veste;SS26;2;100
Autry Veste;JAPM/026B XL;autry;veste;SS26;2;100
Autry Basket;HYLM/MV01 40;autry;basket;SS26;2;100
Autry Basket;HYLM/MV01 41;autry;basket;SS26;2;100
Autry Basket;HYLM/MV01 42;autry;basket;SS26;2;100
Autry Basket;HYLM/MV01 43;autry;basket;SS26;2;100
Autry Basket;HYLM/MV02 40;autry;basket;SS26;2;100
Autry Basket;HYLM/MV02 41;autry;basket;SS26;2;100
Autry Basket;HYLM/MV02 42;autry;basket;SS26;2;100
Autry Basket;HYLM/MV02 43;autry;basket;SS26;2;100
Autry Basket;HYLM/SA06 40;autry;basket;SS26;2;100
Autry Basket;HYLM/SA06 41;autry;basket;SS26;2;100
Autry Basket;HYLM/UM23 39;autry;basket;SS26;2;100
Autry Basket;HYLM/UM23 40;autry;basket;SS26;2;100
Autry Basket;HYLM/UM23 41;autry;basket;SS26;2;100
Autry Basket;HYLM/UM23 42;autry;basket;SS26;2;100
Autry Basket;HYLM/UM23 43;autry;basket;SS26;2;100
Autry Basket;WWLM/NC04/E 40;autry;basket;SS26;2;100
Autry Basket;WWLM/NC04/E 41;autry;basket;SS26;2;100
Autry Basket;WWLM/NC04/E 42;autry;basket;SS26;2;100
Autry Basket;WWLM/NC04/E 43;autry;basket;SS26;2;100
Autry Basket;WWLM/NC04/E 44;autry;basket;SS26;2;100
Autry Basket;WWLM/NC04/E 45;autry;basket;SS26;2;100
Autry Basket;WWLM/NC05/E 40;autry;basket;SS26;2;100
Autry Basket;WWLM/NC05/E 41;autry;basket;SS26;2;100
Autry Basket;WWLM/NC05/E 42;autry;basket;SS26;2;100
Autry Basket;WWLM/NC05/E 43;autry;basket;SS26;2;100
Autry Basket;WWLM/NC05/E 44;autry;basket;SS26;2;100
Autry Basket;WWLM/NC33 39;autry;basket;SS26;2;100
Autry Basket;WWLM/NC33 40;autry;basket;SS26;2;100
Autry Basket;WWLM/NC33 41;autry;basket;SS26;2;100
Autry Basket;WWLM/NC33 42;autry;basket;SS26;2;100
Autry Basket;WWLM/NC33 43;autry;basket;SS26;2;100
Autry Basket;WWLM/NC33 44;autry;basket;SS26;2;100
Autry Basket;WWLM/NC33 45;autry;basket;SS26;2;100
Autry Basket;WWLM/NC34 39;autry;basket;SS26;2;100
Autry Basket;WWLM/NC34 40;autry;basket;SS26;2;100
Autry Basket;WWLM/NC34 41;autry;basket;SS26;2;100
Autry Basket;WWLM/NC34 42;autry;basket;SS26;2;100
Autry Basket;WWLM/NC34 43;autry;basket;SS26;2;100
Autry Basket;WWLM/NC34 44;autry;basket;SS26;2;100
Autry Basket;WWLM/UT10 42;autry;basket;SS26;2;100
Autry Basket;WWLM/UT10 43;autry;basket;SS26;2;100
Autry Basket;WWLM/UT10 44;autry;basket;SS26;2;100
Autry Basket;WWLM/UT11 39;autry;basket;SS26;2;100
Autry Basket;WWLM/UT11 40;autry;basket;SS26;2;100
Autry Basket;WWLM/UT11 41;autry;basket;SS26;2;100
Autry Basket;WWLM/UT11 42;autry;basket;SS26;2;100
Autry Basket;WWLM/UT11 43;autry;basket;SS26;2;100
Autry Basket;WWLM/UT11 44;autry;basket;SS26;2;100
Autry Basket;WWLM/UT11 45;autry;basket;SS26;2;100
Autry Basket;WWLM/UT38 41;autry;basket;SS26;2;100
Autry Basket;WWLM/UT38 42;autry;basket;SS26;2;100
Autry Basket;WWLM/UT38 43;autry;basket;SS26;2;100
Autry Basket;WWLM/UT38 44;autry;basket;SS26;2;100
Autry Basket;WWLM/UT40 39;autry;basket;SS26;2;100
Autry Basket;WWLM/UT40 40;autry;basket;SS26;2;100
Autry Basket;WWLM/UT40 41;autry;basket;SS26;2;100
Autry Basket;WWLM/UT40 42;autry;basket;SS26;2;100